id,first_name,last_name,email,gender,Department,Latitude,Longitude
1,Leda,Rosario,lrosario0@a8.net,Female,Marketing,10.21883,-83.274957
2,Danyelle,McLean,dmclean1@com.com,Female,Research and Development,23.020673,113.751799
3,Ellary,Krauss,ekrauss2@adobe.com,Male,Engineering,44.406105,126.965607
4,Zach,Gyrgorwicx,zgyrgorwicx3@goo.ne.jp,Male,Engineering,-20.3707241,57.6063694
5,Courtnay,Edlin,cedlin4@paypal.com,Male,Training,40.145705,45.5109432
6,Siegfried,Kase,skase5@narod.ru,Male,Training,-31.372506,-64.182416
7,Clemmy,Houlson,choulson6@nymag.com,Male,Business Development,49.9498112,14.034461
8,Dori,Pavlik,dpavlik7@moonfruit.com,Female,Sales,38.05106,114.463347
9,Tanhya,Bortoletti,tbortoletti8@cnn.com,Female,Business Development,40.657978,109.840313
10,Alis,Paulazzi,apaulazzi9@un.org,Female,Product Management,51.9886098,81.8433417
11,Marybelle,Eccleshall,meccleshalla@java.com,Non-binary,Legal,13.38855,144.65852
12,Tripp,Wantling,twantlingb@washington.edu,Male,Services,14.4730694,121.0286633
13,Kerry,Lapsley,klapsleyc@dion.ne.jp,Female,Marketing,40.1572681,-8.1106277
14,Chaim,McClounan,cmcclounand@opera.com,Male,Services,40.816453,-7.5454104
15,Laird,Dozdill,ldozdille@qq.com,Male,Human Resources,-8.3488,123.6542
16,Casie,Ockleshaw,cockleshawf@163.com,Polygender,Sales,33.7443314,36.7011138
17,Muhammad,Camock,mcamockg@fc2.com,Male,Legal,-22.7338724,-45.1201112
18,Amandy,Lawes,alawesh@pcworld.com,Female,Human Resources,8.5057205,125.9772286
19,Arlyne,Pickerell,apickerelli@uiuc.edu,Female,Accounting,11.9227104,37.6998424
20,Lowe,Benes,lbenesj@about.com,Male,Sales,-17.0490108,-41.5612423
21,Leslie,Cumberledge,lcumberledgek@foxnews.com,Male,Services,49.3420066,18.2596537
22,Emalee,Seabourne,eseabournel@cargocollective.com,Female,Sales,39.6532428,-8.8604748
23,Upton,Brogini,ubroginim@last.fm,Male,Product Management,-26.3018088,-54.7192376
24,Minetta,Buxy,mbuxyn@infoseek.co.jp,Female,Research and Development,-9.6759995,123.9136675
25,Royall,Cornier,rcorniero@cnbc.com,Male,Engineering,50.667396,3.0751792
26,Kipp,Kleine,kkleinep@yolasite.com,Male,Training,-18.1380146,30.147383
27,Keefe,Vile,kvileq@thetimes.co.uk,Male,Engineering,27.788371,107.913127
28,Roana,Dashwood,rdashwoodr@histats.com,Female,Accounting,41.746429,22.199654
29,Trish,Romi,tromis@utexas.edu,Female,Human Resources,59.6099005,16.5448092
30,Elias,Fer,efert@economist.com,Male,Business Development,39.331595,112.432825
31,Harri,Piggen,hpiggenu@about.me,Female,Product Management,34.238555,117.196805
32,Crichton,Lidbetter,clidbetterv@berkeley.edu,Male,Training,36.3645281,37.0158772
33,Kaylyn,Casarino,kcasarinow@usa.gov,Female,Business Development,49.8445266,18.0838678
34,Dulcy,Grealey,dgrealeyx@canalblog.com,Female,Product Management,42.4423768,-8.6463086
35,Angelika,Kinze,akinzey@ftc.gov,Female,Support,49.5503369,18.9491117
36,Quintin,Warre,qwarrez@miitbeian.gov.cn,Male,Research and Development,-27.7828418,-64.2837225
37,Bevon,Leyban,bleyban10@arizona.edu,Male,Sales,22.9758497,90.6962853
38,Karina,Leal,kleal11@techcrunch.com,Female,Human Resources,49.3168925,17.4637476
39,Silas,Shynn,sshynn12@alibaba.com,Male,Legal,50.7873249,36.477323
40,Jessie,De Bell,jdebell13@sogou.com,Female,Legal,14.22584,-86.7139704
41,Chelsie,McGuckin,cmcguckin14@mediafire.com,Female,Support,53.43852,36.84085
42,Chaddy,Rivers,crivers15@icio.us,Male,Legal,-12.8435129,-74.569682
43,Daisey,Abramovitch,dabramovitch16@blinklist.com,Female,Human Resources,1.5991751,11.5759672
44,Krissie,Endrici,kendrici17@goodreads.com,Female,Accounting,-6.7888012,111.466342
45,Hugibert,Ladell,hladell18@twitter.com,Male,Research and Development,-7.37242,110.6973469
46,Netti,Pedracci,npedracci19@sitemeter.com,Female,Services,16.9112786,120.5714754
47,Alfy,Hurlin,ahurlin1a@discovery.com,Polygender,Research and Development,19.696407,109.218734
48,Ursuline,Younger,uyounger1b@unblog.fr,Female,Training,15.187831,120.057435
49,Bradley,Chippendale,bchippendale1c@elpais.com,Male,Accounting,48.9200144,17.1656129
50,Lauren,Dunbar,ldunbar1d@ox.ac.uk,Bigender,Engineering,26.893368,112.572018
51,Dodie,Tomik,dtomik1e@unicef.org,Female,Research and Development,32.059093,118.627894
52,Franchot,Pleace,fpleace1f@cam.ac.uk,Male,Marketing,53.153,103.7714
53,Harald,Geistbeck,hgeistbeck1g@jigsy.com,Male,Business Development,-0.8808728,100.5858786
54,Berte,Edowes,bedowes1h@macromedia.com,Non-binary,Accounting,-7.4178714,108.6917922
55,Muhammad,Luckwell,mluckwell1i@zimbio.com,Male,Human Resources,59.0876483,18.033468
56,Cassie,Obert,cobert1j@list-manage.com,Male,Legal,-7.5690727,110.8312777
57,Hunter,Giovannelli,hgiovannelli1k@delicious.com,Male,Business Development,-6.4930095,106.3875898
58,Korney,Sains,ksains1l@goo.gl,Female,Accounting,41.565627,120.453743
59,Nevsa,Hanhardt,nhanhardt1m@unesco.org,Female,Services,46.0261155,16.0446553
60,Zarah,Levens,zlevens1n@home.pl,Female,Human Resources,50.9213963,15.0797515
61,Tonie,Maffioni,tmaffioni1o@cnet.com,Female,Training,54.9143664,23.9093143
62,Gearalt,Thoday,gthoday1p@gizmodo.com,Male,Product Management,20.023731,110.580002
63,Celestyna,Fawthrop,cfawthrop1q@4shared.com,Female,Training,34.295348,119.119278
64,Keith,Lawn,klawn1r@discovery.com,Bigender,Services,7.02389,124.10028
65,Collin,Cornill,ccornill1s@pbs.org,Male,Support,48.9359551,89.1366848
66,Kendricks,Lippitt,klippitt1t@dailymotion.com,Male,Services,13.2836618,-61.2466754
67,Quinton,Tideswell,qtideswell1u@mashable.com,Male,Marketing,53.3284298,-6.3048641
68,Georg,Vasiltsov,gvasiltsov1v@fotki.com,Male,Legal,17.125337,121.287152
69,Deck,Hessel,dhessel1w@tamu.edu,Male,Product Management,-8.1233399,115.3389332
70,Mathe,Gryglewski,mgryglewski1x@lycos.com,Male,Business Development,6.413801,125.61055
71,Elisa,Hallum,ehallum1y@businesswire.com,Female,Accounting,30.5859716,114.2689545
72,Geoffry,Linne,glinne1z@instagram.com,Male,Sales,-21.0794915,-45.0933497
73,Fredek,Binnion,fbinnion20@home.pl,Non-binary,Marketing,-6.264999,106.8513919
74,Pearle,Awde,pawde21@goodreads.com,Female,Legal,-6.3710341,105.9039005
75,Lukas,Dougher,ldougher22@unblog.fr,Male,Engineering,-7.3260543,108.3655011
76,Carline,Suart,csuart23@tmall.com,Female,Services,32.171553,35.097462
77,Damaris,Royste,droyste24@google.com.br,Female,Training,27.948308,109.599191
78,Sascha,Mullins,smullins25@wikispaces.com,Male,Sales,15.3985496,-88.5655913
79,Laurens,Scamel,lscamel26@oakley.com,Male,Engineering,-8.081766,-78.0883695
80,Wilek,Paprotny,wpaprotny27@mayoclinic.com,Male,Sales,39.7213971,-7.9808794
81,Gaylord,Dallemore,gdallemore28@umn.edu,Male,Marketing,29.7322762,-95.3755461
82,Sarajane,Orchart,sorchart29@live.com,Female,Accounting,35.476788,110.442846
83,Filippa,Goodredge,fgoodredge2a@ezinearticles.com,Female,Research and Development,30.1102634,71.4201301
84,Nicoline,O' Scallan,noscallan2b@oakley.com,Female,Support,46.4457008,134.3078003
85,Alexina,Rodd,arodd2c@imgur.com,Female,Human Resources,48.239135,126.481867
86,Calla,Chrichton,cchrichton2d@cbslocal.com,Female,Engineering,53.6978211,91.6963172
87,Darrel,Haresnaip,dharesnaip2e@biglobe.ne.jp,Male,Legal,-23.3233727,-46.7294577
88,Benedick,Erskine,berskine2f@shop-pro.jp,Male,Sales,56.8744773,16.6629189
89,Margette,Defau,mdefau2g@skype.com,Female,Marketing,3.3420568,20.8731737
90,Raquela,Whyborn,rwhyborn2h@squidoo.com,Female,Training,14.6707644,-91.1968495
91,Flo,Gilogly,fgilogly2i@weibo.com,Female,Human Resources,-6.7212228,111.5140386
92,Creight,Chatainier,cchatainier2j@flickr.com,Male,Product Management,14.5257818,20.9238397
93,Erich,Bastard,ebastard2k@about.me,Male,Services,8.2673715,-72.0631118
94,Theodor,Franzonetti,tfranzonetti2l@artisteer.com,Male,Support,67.286069,14.418571
95,Hagan,Urpeth,hurpeth2m@canalblog.com,Male,Business Development,-21.2352558,-46.7865516
96,Maynard,Haswell,mhaswell2n@studiopress.com,Male,Engineering,43.4554,43.5944
97,Julina,Lyst,jlyst2o@weebly.com,Genderfluid,Product Management,34.470812,103.982523
98,Morie,Okroy,mokroy2p@bloglines.com,Male,Services,52.4506032,19.6362734
99,Marcia,Matthiesen,mmatthiesen2q@yahoo.com,Female,Support,29.742172,103.583042
100,Denny,McParlin,dmcparlin2r@europa.eu,Male,Accounting,35.23619,-3.95453
101,Aggi,Bisseker,abisseker2s@chronoengine.com,Female,Marketing,39.3256814,45.4912648
102,Verine,Huckstepp,vhuckstepp2t@earthlink.net,Female,Engineering,-29.5795648,-51.1689963
103,Benedicto,Bransby,bbransby2u@boston.com,Male,Training,45.9426521,15.1455616
104,Elton,Charnley,echarnley2v@fastcompany.com,Male,Research and Development,40.5270236,71.8334145
105,Britta,Mullarkey,bmullarkey2w@senate.gov,Female,Support,13.7401075,-87.7135671
106,Barde,Playford,bplayford2x@independent.co.uk,Male,Marketing,41.4174956,128.2035269
107,Selby,Willmott,swillmott2y@ow.ly,Male,Services,45.5825837,17.9517519
108,Yankee,Doreward,ydoreward2z@macromedia.com,Male,Marketing,47.9450631,111.4978265
109,Loralie,Liepina,lliepina30@g.co,Female,Product Management,6.876221,38.4481869
110,Hestia,Horburgh,hhorburgh31@cam.ac.uk,Female,Product Management,16.9165711,107.0303221
111,Rivi,Redish,rredish32@hp.com,Female,Sales,35.3078775,136.6447089
112,Fidelity,Stooke,fstooke33@europa.eu,Female,Engineering,38.9421248,121.4849128
113,Reggie,Itzkovwich,ritzkovwich34@youku.com,Female,Sales,11.5762804,103.3587288
114,Clair,Cowey,ccowey35@wp.com,Male,Accounting,49.6542555,16.5117461
115,Viki,Sidnell,vsidnell36@dagondesign.com,Female,Research and Development,22.0391773,96.471658
116,Amitie,Whiles,awhiles37@tmall.com,Female,Support,-8.5694,116.1325
117,Mady,Kesley,mkesley38@cbc.ca,Female,Services,52.3982331,13.2448535
118,Christoph,Kenway,ckenway39@economist.com,Male,Product Management,16.879252,121.586713
119,Sonnie,Ummfrey,summfrey3a@dmoz.org,Male,Support,41.3259342,-8.2754117
120,Johan,Stivey,jstivey3b@netscape.com,Male,Human Resources,-11.7088712,-40.5940565
121,Beverley,Belward,bbelward3c@army.mil,Female,Training,12.0457956,124.1609842
122,Natalya,Forbear,nforbear3d@biglobe.ne.jp,Female,Engineering,5.13151,-1.2794744
123,Sydel,Clashe,sclashe3e@washingtonpost.com,Female,Legal,40.4930573,23.6502521
124,Fiona,Ginity,fginity3f@indiatimes.com,Female,Accounting,38.997932,140.02088
125,Avivah,Huxstep,ahuxstep3g@mozilla.org,Female,Services,-15.4996879,-70.129653
126,Larisa,Biner,lbiner3h@yandex.ru,Female,Legal,48.1509479,25.379971
127,Grantley,Aldrick,galdrick3i@earthlink.net,Male,Legal,48.2521582,25.1973796
128,Ebenezer,Stobo,estobo3j@liveinternet.ru,Agender,Legal,23.7247599,108.8076195
129,Verge,Yukhnin,vyukhnin3k@admin.ch,Non-binary,Support,11.8478074,11.0706454
130,Ansell,Ivashev,aivashev3l@ycombinator.com,Genderfluid,Legal,-14.4760253,-70.6365505
131,Marylin,Kingsmill,mkingsmill3m@ibm.com,Female,Product Management,25.9400585,-80.2153998
132,Rita,Mumford,rmumford3n@hibu.com,Female,Product Management,58.999782,55.8855974
133,Desi,Pessolt,dpessolt3o@spotify.com,Male,Engineering,-3.2023658,-45.0373171
134,Tyson,Cooley,tcooley3p@fotki.com,Male,Services,40.8288377,-73.9374517
135,Lev,Chiddy,lchiddy3q@nydailynews.com,Male,Research and Development,39.2699174,-9.1052924
136,Teodoor,Heardman,theardman3r@behance.net,Male,Sales,62.4729446,17.4155753
137,Stan,Brain,sbrain3s@rediff.com,Male,Accounting,52.6325793,4.7239896
138,Angel,Clapshaw,aclapshaw3t@europa.eu,Male,Research and Development,49.5345161,26.2093072
139,Faythe,Mountcastle,fmountcastle3u@businesswire.com,Female,Human Resources,12.5640276,123.7304111
140,Aldon,Decayette,adecayette3v@illinois.edu,Male,Sales,35.0725969,138.9363063
141,Kiley,Skillen,kskillen3w@harvard.edu,Female,Training,48.0381485,-3.7612141
142,Kathy,Milvarnie,kmilvarnie3x@bloomberg.com,Female,Support,45.4912891,20.6465628
143,Monique,Grimmett,mgrimmett3y@globo.com,Female,Product Management,-22.1147688,-45.0584384
144,Barbi,Lahrs,blahrs3z@si.edu,Female,Services,7.9301365,1.9710284
145,Jaime,Batts,jbatts40@icio.us,Male,Business Development,19.268942,-99.1825465
146,Johannes,Twentyman,jtwentyman41@go.com,Male,Legal,-1.5798321,-48.598804
147,Letitia,Sawer,lsawer42@cloudflare.com,Female,Sales,-33.6740514,-54.2101894
148,Tonia,Orsman,torsman43@columbia.edu,Female,Sales,32.107051,121.483514
149,Rosabel,McGeorge,rmcgeorge44@bing.com,Female,Marketing,22.994717,113.608903
150,Eddi,Fraczek,efraczek45@ehow.com,Female,Marketing,50.5860203,27.6363775
151,Astra,Ende,aende46@usgs.gov,Female,Business Development,32.9886195,47.4245319
152,Cissy,Ruffey,cruffey47@si.edu,Agender,Human Resources,45.8486646,-66.4812859
153,Blancha,Puddefoot,bpuddefoot48@trellian.com,Female,Training,21.941555,111.426122
154,Mackenzie,Burnsyde,mburnsyde49@cnn.com,Male,Marketing,-34.4786447,-58.5717849
155,Amble,O' Brian,aobrian4a@nytimes.com,Male,Human Resources,39.86722,126.03028
156,Olivette,Slight,oslight4b@dedecms.com,Female,Training,48.43349,-77.63279
157,My,Tyhurst,mtyhurst4c@cocolog-nifty.com,Male,Sales,14.6634634,-89.8468753
158,Hillie,Beswick,hbeswick4d@tamu.edu,Male,Marketing,16.6714164,99.2823264
159,Ewen,Dubock,edubock4e@cbslocal.com,Male,Human Resources,-1.3516263,131.0797172
160,Robina,Witham,rwitham4f@microsoft.com,Female,Engineering,44.255137,5.262028
161,Gauthier,Howat,ghowat4g@google.nl,Male,Marketing,-7.0773806,108.6472527
162,Netti,Jansens,njansens4h@spotify.com,Female,Business Development,56.2674828,54.9252541
163,Valry,Kondratenko,vkondratenko4i@nhs.uk,Female,Human Resources,32.886855,-96.967936
164,Audry,Gibbins,agibbins4j@tinypic.com,Female,Product Management,53.76686,-112.80195
165,Terri,Crowley,tcrowley4k@1688.com,Bigender,Engineering,37.5165459,140.9330205
166,Yolanthe,Cawdery,ycawdery4l@4shared.com,Female,Marketing,42.5450345,21.9002712
167,Manny,Blew,mblew4m@thetimes.co.uk,Male,Services,-23.3213892,-46.5881754
168,Gilburt,Nortcliffe,gnortcliffe4n@blogspot.com,Male,Services,-23.1087262,-50.3675124
169,Zacharias,Stapforth,zstapforth4o@va.gov,Male,Business Development,49.2937975,3.7636128
170,Vassily,Breffitt,vbreffitt4p@clickbank.net,Genderfluid,Legal,40.2487413,72.1297653
171,Drusilla,Kinghorne,dkinghorne4q@mysql.com,Female,Product Management,35.76588,101.87139
172,Efrem,Pestricke,epestricke4r@bloglines.com,Male,Training,19.42998,-99.2130842
173,Emmery,Lovemore,elovemore4s@webnode.com,Male,Business Development,-3.2690585,114.6204667
174,Coriss,Gettens,cgettens4t@youtu.be,Female,Training,30.073805,89.108299
175,Shannan,Ruggiero,sruggiero4u@seattletimes.com,Male,Legal,39.2938634,-8.6579077
176,Waldo,Damper,wdamper4v@qq.com,Male,Services,37.3032401,139.3751118
177,Brooke,Welchman,bwelchman4w@storify.com,Male,Product Management,-7.13754,107.68305
178,Ellis,Elcott,eelcott4x@artisteer.com,Male,Product Management,17.4555679,103.4627375
179,Skippy,Gedney,sgedney4y@spiegel.de,Non-binary,Legal,45.521519,3.5276642
180,Ricky,Mackin,rmackin4z@utexas.edu,Male,Engineering,45.5824038,19.0552361
181,Pauly,Hegel,phegel50@wix.com,Male,Business Development,52.06302,37.40518
182,Hamid,Valente,hvalente51@google.it,Male,Human Resources,4.1581668,11.5361726
183,Malachi,Parry,mparry52@ifeng.com,Male,Sales,0.6488335,99.745565
184,Madella,Kemet,mkemet53@plala.or.jp,Non-binary,Legal,-6.987312,110.389141
185,Delcine,Oxx,doxx54@jimdo.com,Female,Human Resources,29.893672,110.346166
186,Jacquelyn,Tromans,jtromans55@cnbc.com,Female,Engineering,45.3483509,-80.0175734
187,Nan,Dalrymple,ndalrymple56@goo.gl,Female,Human Resources,34.3400547,108.946087
188,Amye,Sokale,asokale57@wsj.com,Female,Services,46.7498338,-71.693538
189,Brade,Godden,bgodden58@hhs.gov,Genderqueer,Engineering,22.5738562,113.89831
190,Zollie,Basnett,zbasnett59@mit.edu,Male,Engineering,9.8245916,122.9082413
191,Gabriel,Erat,gerat5a@dropbox.com,Female,Training,-8.0055108,112.7509656
192,Louis,Agerskow,lagerskow5b@sohu.com,Male,Training,5.84671,6.15257
193,Lulu,De'Vere - Hunt,ldeverehunt5c@google.co.uk,Female,Training,31.947507,112.017723
194,Glyn,Peterffy,gpeterffy5d@51.la,Female,Business Development,13.6954096,100.5127381
195,Rustin,Sleightholme,rsleightholme5e@netlog.com,Male,Accounting,-5.0731807,32.6913107
196,Christie,Loxley,cloxley5f@typepad.com,Female,Legal,40.9974887,-7.0537674
197,Berkeley,Bliss,bbliss5g@chron.com,Male,Human Resources,-9.4583,120.0497
198,Pearla,Smalcombe,psmalcombe5h@usgs.gov,Genderfluid,Engineering,-23.4214264,-57.4344451
199,Moise,Outram,moutram5i@freewebs.com,Male,Marketing,43.6237019,45.3376515
200,Neill,Lazarus,nlazarus5j@histats.com,Male,Business Development,35.208594,25.3382657
201,Pattie,Dwine,pdwine5k@nbcnews.com,Female,Research and Development,-3.3343297,102.4552546
202,Batsheva,Dermott,bdermott5l@chronoengine.com,Female,Engineering,34.8951038,36.1355295
203,Andie,Deackes,adeackes5m@moonfruit.com,Agender,Services,22.163704,110.671258
204,Kimbra,Gamage,kgamage5n@patch.com,Genderfluid,Accounting,30.9579533,31.2282958
205,Yorke,Nock,ynock5o@stanford.edu,Male,Product Management,21.918725,111.053561
206,Chauncey,Ridolfo,cridolfo5p@sphinn.com,Genderqueer,Accounting,-32.8337995,-70.5972179
207,Marve,Massot,mmassot5q@addtoany.com,Male,Engineering,-7.2760371,107.6925674
208,Brigit,Greder,bgreder5r@admin.ch,Female,Accounting,-24.2530306,-49.7106625
209,Sophey,Osment,sosment5s@nationalgeographic.com,Female,Legal,48.3611707,27.0855305
210,Bernita,Rousel,brousel5t@elpais.com,Polygender,Product Management,28.01082,120.663064
211,Phillipp,Bewlay,pbewlay5u@pen.io,Male,Sales,-11.0897577,-43.1390524
212,Pierson,Tyne,ptyne5v@weibo.com,Male,Sales,28.438851,120.564983
213,Inesita,Sturte,isturte5w@yandex.ru,Female,Sales,51.6782846,19.4187015
214,Dalton,Vaskin,dvaskin5x@ebay.co.uk,Male,Training,25.234479,110.179953
215,Flor,Pilbury,fpilbury5y@miitbeian.gov.cn,Female,Sales,38.304477,116.838834
216,Mercedes,Wakeford,mwakeford5z@youtube.com,Female,Business Development,50.8548419,39.0632827
217,Chrissie,Gutcher,cgutcher60@lulu.com,Male,Support,22.099737,113.497052
218,Simmonds,Casoni,scasoni61@ovh.net,Male,Research and Development,-10.8050342,-76.9794276
219,Nevsa,Buckam,nbuckam62@usa.gov,Female,Product Management,60.6466216,17.0064517
220,Mae,Woolliams,mwoolliams63@youtu.be,Female,Services,56.1947971,12.5789091
221,Lazarus,Petel,lpetel64@scribd.com,Male,Training,41.0490009,39.513623
222,Giffy,Leuchars,gleuchars65@cnn.com,Male,Accounting,-7.0385115,108.6561601
223,Stacee,Alesi,salesi66@xing.com,Female,Accounting,13.4082642,-15.6082651
224,Helen-elizabeth,Danis,hdanis67@tinypic.com,Female,Product Management,50.274287,32.9356191
225,Elliott,Spadollini,espadollini68@google.com.au,Male,Product Management,50.78342,-112.46854
226,Emmye,Marchington,emarchington69@issuu.com,Non-binary,Accounting,7.18016,124.498942
227,Briny,Thornebarrow,bthornebarrow6a@wikipedia.org,Female,Human Resources,56.0711371,89.0001154
228,Esra,Lashbrook,elashbrook6b@msn.com,Male,Product Management,30.190334,122.689752
229,Georgina,Leason,gleason6c@squidoo.com,Female,Legal,8.5087615,-74.7571147
230,Holt,Keeney,hkeeney6d@networkadvertising.org,Male,Legal,23.12911,113.264385
231,Teodoro,Cornelissen,tcornelissen6e@addtoany.com,Male,Product Management,37.550856,115.579308
232,Courtenay,Fearby,cfearby6f@lulu.com,Female,Marketing,51.4787653,12.0365785
233,Averil,Bulfoot,abulfoot6g@howstuffworks.com,Female,Human Resources,10.8220957,122.5296163
234,Elga,Hartell,ehartell6h@tiny.cc,Female,Human Resources,5.081006,-73.608052
235,Brew,Culleford,bculleford6i@1und1.de,Male,Sales,-4.8371532,-37.7662816
236,Sergei,Dumphrey,sdumphrey6j@cam.ac.uk,Male,Accounting,55.6677388,12.5352641
237,Amata,Elfe,aelfe6k@ezinearticles.com,Female,Marketing,53.4102363,24.5338655
238,Tommy,Burchall,tburchall6l@senate.gov,Female,Human Resources,31.270307,121.537613
239,Barnabe,Wharfe,bwharfe6m@ning.com,Male,Human Resources,34.0380929,108.5456244
240,Rex,Millgate,rmillgate6n@netvibes.com,Male,Research and Development,46.3621517,14.3083372
241,Doro,Leaves,dleaves6o@wired.com,Female,Product Management,41.8815942,-8.628833
242,Bill,Sundin,bsundin6p@vimeo.com,Male,Human Resources,50.61404,22.97512
243,Philbert,Ludron,pludron6q@seattletimes.com,Male,Accounting,45.4289,40.5244001
244,Nealon,Ragot,nragot6r@japanpost.jp,Male,Research and Development,50.3674128,13.5400012
245,Nara,O' Reagan,noreagan6s@pcworld.com,Female,Marketing,51.7362077,54.9650811
246,Hunter,Finnes,hfinnes6t@mozilla.org,Male,Business Development,46.2051265,-70.7720325
247,Rex,Georgeot,rgeorgeot6u@newsvine.com,Genderfluid,Product Management,48.7803815,2.4549884
248,Rea,Curston,rcurston6v@quantcast.com,Female,Product Management,28.01082,120.663064
249,Irvine,Kenzie,ikenzie6w@quantcast.com,Non-binary,Training,52.4981613,13.5581889
250,Rex,Kennagh,rkennagh6x@scribd.com,Male,Business Development,-7.370819,108.1976493
251,Douglas,Kerbler,dkerbler6y@de.vu,Male,Support,-5.81526,-77.3826845
252,Alfi,Glitherow,aglitherow6z@latimes.com,Female,Legal,40.5845053,-8.0854006
253,Evangelina,Abbot,eabbot70@csmonitor.com,Female,Research and Development,-9.7540414,124.3643423
254,Suzette,Birtchnell,sbirtchnell71@vimeo.com,Female,Support,-5.456385,122.612261
255,Kerrie,Minall,kminall72@opensource.org,Female,Product Management,12.3772165,-85.6698146
256,Keenan,Guppy,kguppy73@aol.com,Male,Research and Development,30.798775,121.33638
257,Georgena,Fitkin,gfitkin74@gmpg.org,Female,Training,40.902461,116.621937
258,Desirae,Blewis,dblewis75@marriott.com,Female,Support,48.9352465,2.3458952
259,Farrel,Perulli,fperulli76@barnesandnoble.com,Male,Sales,43.9705397,19.5649108
260,Hobart,Hilling,hhilling77@house.gov,Male,Business Development,48.7381259,2.3536083
261,Berk,Leadbitter,bleadbitter78@github.com,Male,Marketing,14.6701,121.108226
262,Brianna,Frier,bfrier79@istockphoto.com,Genderfluid,Marketing,37.8016324,48.907262
263,Normand,Pic,npic7a@vkontakte.ru,Male,Engineering,8.0991923,-10.6956979
264,Cobby,Line,cline7b@theglobeandmail.com,Male,Research and Development,47.524025,124.458692
265,Elyse,Romme,eromme7c@de.vu,Female,Engineering,23.2196922,113.3138804
266,Ransell,Gentry,rgentry7d@stanford.edu,Male,Marketing,43.61812,118.05545
267,Dwain,Brimelow,dbrimelow7e@meetup.com,Male,Sales,-16.7293695,31.1166193
268,Huey,Blackler,hblackler7f@princeton.edu,Male,Legal,38.8333328,140.0106915
269,Eyde,Legendre,elegendre7g@storify.com,Female,Support,68.8128001,32.7986688
270,Shawna,Featherby,sfeatherby7h@ucsd.edu,Female,Product Management,-34.7089038,-58.6427861
271,Alethea,Hamprecht,ahamprecht7i@icio.us,Female,Legal,34.7263302,137.8550711
272,Ilsa,Albisser,ialbisser7j@cyberchimps.com,Female,Accounting,47.2305176,-0.071593
273,Lenee,Atcherley,latcherley7k@vk.com,Female,Human Resources,53.6992181,46.0481025
274,Cristobal,Sueter,csueter7l@scribd.com,Male,Support,22.533583,113.968498
275,Flynn,Maxwell,fmaxwell7m@addthis.com,Male,Product Management,-6.08573,106.7087216
276,Flem,Germon,fgermon7n@cam.ac.uk,Male,Business Development,-14.8358687,-74.9327583
277,Newton,Henriksson,nhenriksson7o@51.la,Male,Accounting,3.5981582,98.6824005
278,Lurette,Briffett,lbriffett7p@free.fr,Female,Services,54.2618911,36.15775
279,Bettina,Merdew,bmerdew7q@google.com,Female,Legal,14.7127327,121.0279622
280,Juliann,Kabos,jkabos7r@nyu.edu,Female,Marketing,32.993182,110.425983
281,Fonz,Cornes,fcornes7s@opera.com,Male,Marketing,25.1629584,69.6226406
282,Pietra,Derycot,pderycot7t@hexun.com,Female,Research and Development,8.2853585,-78.1792434
283,Meta,Gindghill,mgindghill7u@go.com,Female,Support,11.5742086,37.3613533
284,Mercie,Kime,mkime7v@go.com,Female,Services,31.029897,105.220236
285,Clementius,Mathan,cmathan7w@wordpress.org,Male,Human Resources,50.2440056,20.7239305
286,Tomas,Balham,tbalham7x@sourceforge.net,Male,Support,40.5851643,46.8429953
287,Florian,Doel,fdoel7y@apache.org,Male,Human Resources,37.3571829,138.5794706
288,Dave,Nutting,dnutting7z@smugmug.com,Male,Human Resources,48.9378251,2.1570562
289,Brannon,Goard,bgoard80@pagesperso-orange.fr,Male,Training,-0.3776854,100.608395
290,Kaye,Keune,kkeune81@sogou.com,Female,Business Development,38.03,-87.58
291,Leila,Saphin,lsaphin82@timesonline.co.uk,Female,Training,67.792809,130.4017789
292,Fabe,Naylor,fnaylor83@cocolog-nifty.com,Male,Business Development,55.751248,37.785402
293,Laureen,de Banke,ldebanke84@addtoany.com,Female,Product Management,-20.1851206,-44.7711099
294,Elisabet,Lorenzetti,elorenzetti85@fda.gov,Female,Engineering,41.2476037,-8.2430831
295,Patricio,Aharoni,paharoni86@eepurl.com,Male,Engineering,22.529403,103.93935
296,Alfonso,Mitie,amitie87@goo.gl,Male,Support,45.5155832,-122.6788535
297,Georgine,Telfer,gtelfer88@theglobeandmail.com,Female,Training,40.766965,114.740557
298,Suzann,Chapellow,schapellow89@apple.com,Female,Sales,-34.6893026,-58.5247124
299,Maxim,Matussov,mmatussov8a@fda.gov,Male,Support,54.2681766,-110.7200371
300,Hamlen,Katzmann,hkatzmann8b@nyu.edu,Male,Product Management,29.4374631,48.2816655
301,Giff,Greenrod,ggreenrod8c@census.gov,Polygender,Training,43.2934614,44.0309924
302,Benedetta,Clemerson,bclemerson8d@ted.com,Female,Services,48.9802395,2.612562
303,Celestia,Grzelczyk,cgrzelczyk8e@tiny.cc,Female,Support,35.1529042,33.2110414
304,Annmaria,Aries,aaries8f@scientificamerican.com,Female,Services,63.4107694,10.3996452
305,Sophronia,Vaggers,svaggers8g@discovery.com,Female,Sales,-27.4955748,-48.6553685
306,Igor,Timlett,itimlett8h@scribd.com,Male,Legal,25.2527,110.317826
307,Aube,Medina,amedina8i@springer.com,Polygender,Marketing,8.0870678,124.5860781
308,Elston,Brugden,ebrugden8j@yahoo.com,Male,Business Development,24.31049,116.116695
309,Jarrod,Upjohn,jupjohn8k@bigcartel.com,Male,Sales,48.3694747,34.4573326
310,Andreana,Massow,amassow8l@symantec.com,Female,Accounting,-6.2746751,-79.6080967
311,Juditha,Alexander,jalexander8m@berkeley.edu,Female,Product Management,22.529403,103.93935
312,Merci,Conti,mconti8n@vimeo.com,Female,Human Resources,48.015883,37.80285
313,Derk,Sampey,dsampey8o@goodreads.com,Male,Human Resources,49.3637828,-123.2679395
314,Christalle,Snoxell,csnoxell8p@dailymail.co.uk,Female,Accounting,14.3839328,121.050126
315,Ag,Ruffler,aruffler8q@ebay.com,Female,Product Management,51.680591,-9.448724
316,Jobi,Mouth,jmouth8r@goo.gl,Female,Business Development,22.69569,112.225334
317,Luisa,Huertas,lhuertas8s@geocities.jp,Female,Engineering,6.1413122,6.8029489
318,Susanna,Buncombe,sbuncombe8t@amazonaws.com,Female,Legal,40.4422219,49.7584523
319,Pen,Decaze,pdecaze8u@naver.com,Male,Legal,23.1350488,113.29083
320,Chan,Housden,chousden8v@1688.com,Male,Training,5.952775,116.05657
321,Pincas,Trunkfield,ptrunkfield8w@storify.com,Male,Marketing,14.5643857,121.1293312
322,Romain,Garrals,rgarrals8x@unblog.fr,Male,Engineering,24.3154419,109.3656914
323,Huey,Sandever,hsandever8y@whitehouse.gov,Male,Research and Development,20.019055,110.2889917
324,Mycah,Colquite,mcolquite8z@hhs.gov,Male,Accounting,59.2690316,18.0588936
325,Vitia,Thal,vthal90@hubpages.com,Female,Accounting,44.38345,-64.31545
326,Kendell,Driuzzi,kdriuzzi91@netvibes.com,Male,Accounting,24.347782,116.695195
327,Aleta,Stayte,astayte92@hhs.gov,Female,Services,9.7441,125.535149
328,Remy,Porter,rporter93@paginegialle.it,Female,Legal,56.2760278,31.6739899
329,Hanson,holmes,hholmes94@github.com,Male,Engineering,31.27707,119.567195
330,Angie,McBryde,amcbryde95@admin.ch,Female,Support,10.5943971,-85.2017554
331,Burk,Callicott,bcallicott96@nature.com,Male,Human Resources,12.9229652,13.5639377
332,Sherline,Madelin,smadelin97@liveinternet.ru,Female,Engineering,60.0097637,30.3262125
333,Forrest,Belchem,fbelchem98@goo.gl,Male,Accounting,-4.3589834,37.8220414
334,Karney,Briers,kbriers99@microsoft.com,Polygender,Engineering,45.5623078,18.188947
335,Robinet,Mordaunt,rmordaunt9a@trellian.com,Female,Product Management,-7.2894986,108.1873407
336,Vernice,Robrow,vrobrow9b@statcounter.com,Genderfluid,Legal,11.2934532,2.435696
337,Maryellen,Milburn,mmilburn9c@wix.com,Female,Training,49.4928119,-117.2948343
338,Lowrance,Sainteau,lsainteau9d@parallels.com,Male,Human Resources,27.522069,116.336069
339,Gale,Benedetti,gbenedetti9e@ovh.net,Male,Sales,9.141067,-12.664461
340,Ketti,Bowller,kbowller9f@stanford.edu,Female,Legal,35.2488461,118.3106107
341,Billie,Lepard,blepard9g@hatena.ne.jp,Female,Human Resources,37.9133273,139.0158281
342,Rudie,Dutteridge,rdutteridge9h@sphinn.com,Male,Accounting,35.72154,111.350842
343,Ann,Stouther,astouther9i@yellowpages.com,Female,Human Resources,31.2393596,-8.3143192
344,Mikkel,Finan,mfinan9j@redcross.org,Male,Services,46.4536674,15.6777494
345,Kerrie,Rieger,krieger9k@google.ca,Female,Accounting,40.7325414,22.6920826
346,Erastus,Newtown,enewtown9l@msu.edu,Male,Engineering,45.5288007,17.8803474
347,Imogen,Spragge,ispragge9m@nyu.edu,Female,Sales,41.4486772,-8.4460594
348,Nomi,McCoole,nmccoole9n@so-net.ne.jp,Female,Marketing,41.9314429,12.469587
349,Cheryl,Kochlin,ckochlin9o@princeton.edu,Bigender,Training,11.394604,-69.6810338
350,Aimee,Teasell,ateasell9p@foxnews.com,Female,Training,13.60864,100.611156
351,Alissa,Beckwith,abeckwith9q@ca.gov,Female,Training,37.619096,120.846204
352,Norbert,Gathercoal,ngathercoal9r@adobe.com,Male,Research and Development,-6.7185157,38.7420548
353,Cody,Boulsher,cboulsher9s@wufoo.com,Female,Accounting,32.643215,110.767599
354,Benji,Maynell,bmaynell9t@va.gov,Male,Services,34.728584,112.132488
355,Teressa,Brave,tbrave9u@vinaora.com,Female,Engineering,39.4798873,-0.3979657
356,Rasla,Muggleton,rmuggleton9v@drupal.org,Female,Accounting,26.05547,119.239406
357,Barris,Danshin,bdanshin9w@indiegogo.com,Male,Marketing,9.4091419,9.2106745
358,Anselm,Fox,afox9x@bizjournals.com,Bigender,Legal,-8.5388252,115.402367
359,Marja,Florentine,mflorentine9y@odnoklassniki.ru,Female,Human Resources,40.4925406,21.5714154
360,Sly,Venners,svenners9z@deviantart.com,Non-binary,Marketing,-38.9472836,-68.1132357
361,Dorette,Wallhead,dwallheada0@storify.com,Agender,Product Management,34.0112004,71.9795856
362,Fran,Hubbock,fhubbocka1@unesco.org,Male,Services,32.934675,35.31652
363,Marlowe,McComb,mmccomba2@netscape.com,Male,Business Development,49.8296261,21.7407302
364,Zachery,Keasley,zkeasleya3@chronoengine.com,Polygender,Research and Development,-7.3743397,110.2648159
365,Corrine,Form,cforma4@oaic.gov.au,Female,Training,54.4576128,18.4558297
366,Hebert,Royden,hroydena5@nps.gov,Male,Legal,44.0562486,17.4498275
367,Levey,Rubinsztein,lrubinszteina6@ifeng.com,Male,Sales,32.50171,35.16621
368,Ogdan,Gartshore,ogartshorea7@php.net,Genderqueer,Sales,11.2658847,7.6480296
369,Obed,Shillabeare,oshillabearea8@cdc.gov,Male,Legal,40.9141247,20.7427213
370,Tybalt,Betham,tbethama9@issuu.com,Genderfluid,Engineering,-31.48342,19.7582
371,Abran,Treacy,atreacyaa@usnews.com,Male,Business Development,-19.1813272,-65.0008536
372,Darnell,Pingstone,dpingstoneab@soup.io,Male,Research and Development,35.580662,104.626282
373,Laurette,Wadsworth,lwadsworthac@ebay.com,Female,Human Resources,41.8499561,-87.650042
374,Neall,Wildman,nwildmanad@storify.com,Male,Product Management,-7.7519029,110.7077766
375,Caroljean,Saw,csawae@nifty.com,Female,Human Resources,41.068909,122.949298
376,Linet,Vears,lvearsaf@paypal.com,Female,Legal,-38.7359018,-72.5903739
377,Sergei,Wimmer,swimmerag@nymag.com,Male,Support,-8.1462,115.0596
378,Aarika,Francescotti,afrancescottiah@oracle.com,Genderfluid,Sales,-6.6913037,107.9679983
379,Gay,Aingel,gaingelai@umn.edu,Female,Services,-0.7069135,31.5370003
380,Carlita,Kenner,ckenneraj@blogtalkradio.com,Genderfluid,Business Development,22.265811,113.543784
381,Bobina,Budleigh,bbudleighak@instagram.com,Female,Engineering,59.464182,29.6278481
382,Worthy,Cecere,wcecereal@ask.com,Male,Services,14.8974128,121.0253575
383,Vita,O'Hare,vohaream@independent.co.uk,Female,Services,45.9859651,14.5721903
384,Hunfredo,Stagge,hstaggean@auda.org.au,Genderqueer,Engineering,49.835457,15.887635
385,Bab,Madrell,bmadrellao@mayoclinic.com,Female,Legal,32.124929,35.309237
386,Milt,Cowins,mcowinsap@cbslocal.com,Male,Sales,-38.7359018,-72.5903739
387,Nicolea,Whebell,nwhebellaq@census.gov,Non-binary,Services,-13.5426013,-72.6967861
388,Felice,Haily,fhailyar@ibm.com,Male,Product Management,57.2840834,55.4543246
389,Sharla,Kubyszek,skubyszekas@tripod.com,Female,Product Management,41.8136349,123.5288621
390,Christi,Franzonello,cfranzonelloat@biglobe.ne.jp,Female,Research and Development,51.669945,16.5376529
391,Hamilton,Hellicar,hhellicarau@aol.com,Male,Product Management,14.0042175,121.3216161
392,Zonda,Millthorpe,zmillthorpeav@guardian.co.uk,Female,Business Development,41.0377245,21.3300873
393,Tate,Heiss,theissaw@yolasite.com,Agender,Human Resources,31.6774341,20.2713072
394,Andre,Frederick,afrederickax@ezinearticles.com,Male,Sales,17.9567646,-102.1943485
395,Danyette,Counsell,dcounsellay@yandex.ru,Female,Services,45.161017,1.663862
396,Nell,Frantzeni,nfrantzeniaz@scribd.com,Female,Product Management,36.628305,101.765843
397,Consolata,Selley,cselleyb0@salon.com,Bigender,Sales,31.7659313,120.2951156
398,Jenn,Coleby,jcolebyb1@ebay.co.uk,Female,Business Development,48.7057309,2.2186743
399,Helge,Dakin,hdakinb2@nature.com,Female,Accounting,28.55386,112.35518
400,Brander,Grishmanov,bgrishmanovb3@behance.net,Male,Human Resources,44.0643415,1.1011089
401,Antoinette,Sargeaunt,asargeauntb4@craigslist.org,Female,Research and Development,7.453578,-72.467236
402,Ashbey,Hosby,ahosbyb5@wsj.com,Male,Services,-10.07722,-76.21194
403,Rubi,Whyffen,rwhyffenb6@1688.com,Female,Research and Development,0.0074415,37.0722303
404,Catriona,Bohey,cboheyb7@histats.com,Female,Business Development,-6.6758708,-79.032016
405,Nick,Hulke,nhulkeb8@paginegialle.it,Male,Training,49.5609979,5.8741913
406,Ketti,Jouanet,kjouanetb9@independent.co.uk,Female,Engineering,46.522646,86.002798
407,Lethia,Lassetter,llassetterba@booking.com,Female,Legal,15.8515169,104.1698463
408,Ray,McIlhatton,rmcilhattonbb@furl.net,Male,Research and Development,-6.7152549,111.4246078
409,Terrel,Thundercliffe,tthundercliffebc@shop-pro.jp,Male,Research and Development,7.755354,-76.6554309
410,Odella,Yanshinov,oyanshinovbd@alexa.com,Female,Marketing,38.7004199,-9.2419409
411,Cosette,Benthall,cbenthallbe@behance.net,Female,Engineering,11.5762804,103.3587288
412,Shalom,Hamper,shamperbf@usda.gov,Genderfluid,Training,-34.6821989,-58.3298681
413,Joshia,Lyptrade,jlyptradebg@networkadvertising.org,Male,Marketing,22.4963477,-79.5462943
414,Marlowe,Gilbee,mgilbeebh@slashdot.org,Male,Accounting,43.8273805,1.3951553
415,Valentine,Rozenzweig,vrozenzweigbi@marriott.com,Male,Product Management,11.321347,122.619095
416,Kylila,Lacroutz,klacroutzbj@cbsnews.com,Female,Marketing,48.8295482,107.0468263
417,Webster,Mastrantone,wmastrantonebk@fda.gov,Male,Research and Development,36.02866,70.77258
418,Thorn,Raffles,trafflesbl@is.gd,Male,Services,21.911506,105.6441852
419,Tobit,Boni,tbonibm@yolasite.com,Male,Training,3.1523104,101.7178316
420,Ozzy,Cunradi,ocunradibn@clickbank.net,Male,Business Development,23.422152,106.681138
421,Pippy,O'Cleary,poclearybo@apple.com,Female,Support,37.619096,120.846204
422,Domingo,Bruckman,dbruckmanbp@mac.com,Male,Services,54.80342,18.37338
423,Diahann,D'Andrea,ddandreabq@dropbox.com,Bigender,Training,5.3956496,26.4916731
424,Mahmud,Puttrell,mputtrellbr@istockphoto.com,Male,Accounting,52.1899235,18.8632124
425,Etheline,Baudins,ebaudinsbs@edublogs.org,Female,Research and Development,44.4959884,19.2677519
426,Aarika,Hullbrook,ahullbrookbt@boston.com,Female,Human Resources,17.9727813,-92.9706816
427,Merwin,Hulkes,mhulkesbu@oaic.gov.au,Male,Support,30.5619807,49.1727178
428,Elga,Bowmaker,ebowmakerbv@1688.com,Female,Product Management,46.1705063,1.8852108
429,Esdras,Vannikov,evannikovbw@weather.com,Genderqueer,Sales,41.96571,22.7708273
430,Bobinette,O'Sharry,bosharrybx@yahoo.com,Female,Research and Development,34.4516463,135.7636857
431,Haily,Moar,hmoarby@typepad.com,Male,Legal,45.01,-93.65
432,Cara,Marages,cmaragesbz@statcounter.com,Female,Sales,-8.0509691,112.6034763
433,Troy,Schutte,tschuttec0@oaic.gov.au,Male,Human Resources,45.1454871,17.6789782
434,Tedda,Heams,theamsc1@a8.net,Female,Services,15.8137804,120.3404633
435,Maxim,Cordobes,mcordobesc2@chicagotribune.com,Bigender,Services,46.3601437,32.3522621
436,Minette,Sarten,msartenc3@pcworld.com,Female,Engineering,-21.7096172,-47.4696376
437,Lucinda,Benettolo,lbenettoloc4@gov.uk,Female,Research and Development,59.2411379,17.9913767
438,Chandal,Haynesford,chaynesfordc5@unc.edu,Female,Legal,23.1543183,-81.9234712
439,Husain,Dashper,hdashperc6@amazon.co.uk,Male,Legal,37.0597622,140.8775769
440,Yehudit,Peppard,ypeppardc7@live.com,Male,Sales,-25.3907214,-51.4628097
441,Roosevelt,Hearse,rhearsec8@google.com.br,Male,Product Management,31.138677,120.645158
442,Hartwell,Blunsden,hblunsdenc9@google.ru,Male,Human Resources,15.2307976,-87.9653335
443,Urson,Lilliman,ulillimanca@census.gov,Male,Engineering,-6.2900045,106.8672736
444,Tuesday,Lyddon,tlyddoncb@foxnews.com,Genderqueer,Legal,23.106401,113.459749
445,Camella,Patching,cpatchingcc@mozilla.org,Female,Sales,-7.0029794,108.4572788
446,Bernice,McDavid,bmcdavidcd@parallels.com,Female,Business Development,25.130594,109.768451
447,Katalin,Landa,klandace@reuters.com,Female,Legal,50.5860203,27.6363775
448,Monika,Meech,mmeechcf@cpanel.net,Female,Accounting,-17.5969817,-44.7267221
449,Cyb,Scanes,cscanescg@myspace.com,Female,Business Development,28.018107,111.945153
450,Emmery,Bevar,ebevarch@cnet.com,Male,Research and Development,40.7513017,48.4033184
451,Janeta,Geldert,jgeldertci@nyu.edu,Female,Business Development,-6.97,113.0758
452,Wileen,Linkleter,wlinkletercj@jalbum.net,Female,Training,36.276526,109.351019
453,Dinnie,Moxstead,dmoxsteadck@purevolume.com,Female,Business Development,-27.8942891,31.6454222
454,Shurlocke,Attawell,sattawellcl@furl.net,Male,Marketing,-19.0081688,-57.6515503
455,Willyt,Baudinelli,wbaudinellicm@sina.com.cn,Female,Human Resources,36.77549,119.219734
456,Bevon,Glenny,bglennycn@tuttocitta.it,Male,Accounting,37.73892,115.670177
457,Corrie,Ludovico,cludovicoco@aol.com,Female,Legal,19.482042,-99.1985584
458,Lorianna,Fowle,lfowlecp@unc.edu,Female,Training,45.8788922,20.5527173
459,Junie,Broscombe,jbroscombecq@so-net.ne.jp,Female,Marketing,11.0430889,123.9601672
460,Dene,Eriksson,derikssoncr@dailymail.co.uk,Male,Accounting,37.6583599,126.8320201
461,Alvira,Boyen,aboyencs@uol.com.br,Female,Research and Development,37.251388,122.372516
462,Alverta,Prentice,aprenticect@usnews.com,Female,Training,-17.7472494,-48.6122723
463,Demetri,Waterstone,dwaterstonecu@toplist.cz,Male,Legal,36.3778012,9.9101915
464,Valentijn,Leverage,vleveragecv@flickr.com,Male,Engineering,-7.2914614,112.6109257
465,Fraser,Voelker,fvoelkercw@goo.gl,Genderfluid,Services,50.0932868,22.6333771
466,Ulrikaumeko,Pactat,upactatcx@google.ca,Female,Training,18.2886378,-99.4526826
467,Brietta,Meeks,bmeekscy@csmonitor.com,Female,Accounting,24.633362,110.643305
468,Fionnula,McKyrrelly,fmckyrrellycz@quantcast.com,Female,Accounting,29.5530941,118.9353968
469,Hewitt,Tremethack,htremethackd0@washington.edu,Male,Human Resources,19.343904,-70.291748
470,Bennett,Gonzales,bgonzalesd1@google.nl,Male,Engineering,34.8959276,35.8866517
471,Ferd,Burbank,fburbankd2@ezinearticles.com,Male,Training,38.8559689,127.4214244
472,Kelby,Ordish,kordishd3@va.gov,Male,Sales,-0.8922447,119.8504075
473,Rory,Alesio,ralesiod4@examiner.com,Female,Services,-6.2284889,106.9602906
474,Gilburt,Nafzger,gnafzgerd5@upenn.edu,Male,Training,50.859278,14.4868632
475,Mei,King,mkingd6@weather.com,Female,Legal,-8.2151612,112.6109257
476,Carolynn,Weightman,cweightmand7@weather.com,Non-binary,Business Development,31.190479,31.523649
477,Brietta,Beharrell,bbeharrelld8@pagesperso-orange.fr,Female,Sales,13.7558622,7.986535
478,Meara,Curton,mcurtond9@archive.org,Female,Business Development,60.994897,71.8982957
479,Elijah,Cowey,ecoweyda@guardian.co.uk,Male,Services,57.2331599,41.0611975
480,Sonny,Brosini,sbrosinidb@yahoo.co.jp,Male,Product Management,5.6810774,95.1171505
481,Babbette,Feaster,bfeasterdc@marriott.com,Bigender,Marketing,32.751027,36.301039
482,Boone,Lunt,bluntdd@usatoday.com,Male,Human Resources,-32.9508446,-60.7032578
483,Raye,Robbs,rrobbsde@go.com,Female,Engineering,40.9112418,-96.5996963
484,Hersh,Lampke,hlampkedf@a8.net,Male,Human Resources,21.0877573,105.6603149
485,Tom,Brownfield,tbrownfielddg@unicef.org,Male,Business Development,59.3497176,18.0962527
486,Anne-marie,Mennithorp,amennithorpdh@nasa.gov,Female,Accounting,35.071102,115.573036
487,Charmion,Wager,cwagerdi@usgs.gov,Female,Human Resources,35.8939566,117.9249002
488,Durand,Mingauld,dmingaulddj@bbc.co.uk,Male,Marketing,49.7294521,19.1018274
489,Gawen,Hemmingway,ghemmingwaydk@yahoo.co.jp,Male,Research and Development,11.2131346,4.579209
490,Adriano,Grishankov,agrishankovdl@squidoo.com,Male,Services,5.2351338,-75.8346203
491,Ashlin,Ilieve,ailievedm@shareasale.com,Male,Support,-7.4983615,108.5870607
492,Scarlet,Tanslie,stansliedn@wordpress.com,Bigender,Services,29.276219,90.081241
493,Bibby,Macconachy,bmacconachydo@wikia.com,Female,Human Resources,-14.5124962,-40.3496894
494,Christoph,Mollin,cmollindp@umn.edu,Male,Research and Development,39.109563,117.223371
495,Marylynne,Pennaman,mpennamandq@nasa.gov,Polygender,Legal,46.4244411,16.4312318
496,Antonina,Jewitt,ajewittdr@comsenz.com,Genderqueer,Legal,36.219687,98.166902
497,Royall,Schistl,rschistlds@github.io,Bigender,Engineering,30.167585,120.234391
498,Brooks,Hartshorn,bhartshorndt@rambler.ru,Male,Sales,26.731743,115.622147
499,Wade,Troth,wtrothdu@imgur.com,Male,Engineering,-6.3991308,106.7411559
500,Valma,McRobbie,vmcrobbiedv@a8.net,Polygender,Accounting,34.341574,108.93977
501,Elyse,Sheran,esherandw@moonfruit.com,Female,Accounting,35.242057,116.087054
502,Tasha,Andrat,tandratdx@nymag.com,Female,Accounting,-6.1923925,106.8218403
503,Merle,Honsch,mhonschdy@bloglovin.com,Male,Support,14.2524816,100.7323332
504,Saundra,Bertrand,sbertranddz@ca.gov,Female,Training,-7.1056569,107.9005972
505,Dyna,Shingler,dshinglere0@ucsd.edu,Female,Human Resources,-7.3532,108.01
506,Yankee,Belfrage,ybelfragee1@mlb.com,Male,Human Resources,48.5686975,113.2344326
507,Dal,Kleinber,dkleinbere2@macromedia.com,Male,Services,12.6679167,123.9881642
508,Stanfield,O'Neil,soneile3@simplemachines.org,Male,Training,-9.2957636,-75.997859
509,Mimi,Sarver,msarvere4@geocities.jp,Female,Engineering,53.0905078,16.9015317
510,Farly,Otton,fottone5@topsy.com,Male,Services,-1.259553,104.100502
511,Skylar,Wreiford,swreiforde6@redcross.org,Male,Engineering,10.297315,123.89885
512,Ewen,D'Elia,edeliae7@apple.com,Male,Legal,49.4817883,18.0449791
513,Ronnica,Flood,rfloode8@yelp.com,Polygender,Product Management,49.549347,19.65954
514,Wood,Aslum,waslume9@free.fr,Male,Product Management,-7.646098,111.0266668
515,Bevon,Chappelow,bchappelowea@shop-pro.jp,Male,Marketing,50.50505,16.74043
516,Verne,Siccombe,vsiccombeeb@irs.gov,Male,Marketing,23.219932,102.835223
517,Garner,Aliberti,galibertiec@tinypic.com,Male,Services,-15.6903468,-39.1127352
518,Ray,Beckhurst,rbeckhursted@tripod.com,Female,Support,-23.2860188,-47.6790285
519,Budd,Bulleyn,bbulleynee@quantcast.com,Male,Training,55.7372478,38.1800493
520,Nesta,Ridgway,nridgwayef@qq.com,Female,Services,13.9210992,100.5219418
521,Osmond,Lanchbury,olanchburyeg@360.cn,Male,Engineering,-7.898852,111.9284017
522,Westbrooke,Binham,wbinhameh@uiuc.edu,Male,Support,31.77,-106.43
523,Hobart,Frodsham,hfrodshamei@hatena.ne.jp,Male,Business Development,41.0509739,-7.391141
524,Constantino,Swinfon,cswinfonej@networksolutions.com,Male,Legal,37.5034138,126.7660309
525,Mac,Peile,mpeileek@360.cn,Male,Marketing,45.97927,-81.9248
526,Rutledge,Pavett,rpavettel@ox.ac.uk,Male,Support,-8.152161,115.036705
527,Shayna,Snodin,ssnodinem@1688.com,Female,Engineering,-11.7843129,-75.4242758
528,Kynthia,Shalloo,kshallooen@sciencedaily.com,Female,Sales,-6.9804,115.3975
529,Stella,Tritten,stritteneo@desdev.cn,Female,Support,49.9390977,14.5064706
530,Michal,Milbank,mmilbankep@odnoklassniki.ru,Genderqueer,Engineering,6.5390358,21.9910008
531,Camey,Shelborne,cshelborneeq@dyndns.org,Male,Services,24.134518,111.485304
532,Kristopher,Andreacci,kandreaccier@goo.ne.jp,Male,Training,54.9670821,49.0342414
533,Kerrie,Barge,kbargees@topsy.com,Female,Legal,-23.611227,-46.668872
534,Alyosha,Billion,abillionet@ask.com,Male,Product Management,34.554624,108.631718
535,Jerrilee,Islep,jislepeu@simplemachines.org,Female,Services,39.0145274,-7.0611673
536,Loria,Regler,lreglerev@t-online.de,Female,Accounting,-14.4681236,-48.4560109
537,Kirby,Gauge,kgaugeew@prweb.com,Male,Engineering,38.8091524,-9.1166554
538,Zak,Challen,zchallenex@imgur.com,Male,Training,47.0203676,-68.1435063
539,Rozelle,Kienlein,rkienleiney@wikimedia.org,Female,Support,34.748256,113.61285
540,Elisabeth,Caldroni,ecaldroniez@paypal.com,Female,Research and Development,-25.9248045,28.0172665
541,Yasmin,Goscomb,ygoscombf0@technorati.com,Genderqueer,Human Resources,-8.584571,116.1245642
542,Lelia,Cleave,lcleavef1@washingtonpost.com,Female,Product Management,40.13652,124.395757
543,Riannon,Lecount,rlecountf2@tinyurl.com,Female,Marketing,44.1580429,133.2645474
544,Vonny,Andreacci,vandreaccif3@psu.edu,Female,Marketing,10.9321519,104.798771
545,Corbett,Neaverson,cneaversonf4@de.vu,Male,Legal,38.8678657,-9.4272778
546,Dave,Iglesiaz,diglesiazf5@oracle.com,Male,Human Resources,36.933812,116.638327
547,Franklin,Thorowgood,fthorowgoodf6@goodreads.com,Male,Legal,17.1820718,-25.0658748
548,Rhett,Fraschetti,rfraschettif7@nbcnews.com,Male,Sales,26.141854,116.188408
549,Putnem,Summerill,psummerillf8@gmpg.org,Male,Marketing,46.254048,16.2368405
550,Jaime,Graysmark,jgraysmarkf9@google.co.uk,Female,Business Development,55.751248,37.785402
551,Butch,Bainbrigge,bbainbriggefa@ft.com,Male,Engineering,14.6611789,121.0226827
552,Vikki,Scotchforth,vscotchforthfb@ibm.com,Female,Support,39.315813,117.666466
553,Nanon,Nutt,nnuttfc@list-manage.com,Female,Business Development,48.7359933,24.8560775
554,Fabian,Viger,fvigerfd@oaic.gov.au,Male,Product Management,48.87561,2.302597
555,Bent,Ashwell,bashwellfe@boston.com,Male,Sales,-21.8047006,-54.5432691
556,Jami,Arens,jarensff@furl.net,Female,Engineering,40.8440444,45.4714491
557,Abe,De Ambrosis,adeambrosisfg@mediafire.com,Male,Business Development,20.5849821,-76.2247366
558,Wendy,Nealon,wnealonfh@usnews.com,Female,Support,64.5661757,39.8505981
559,Gerhardt,Breming,gbremingfi@google.com.br,Male,Product Management,49.0401779,23.5129163
560,Garreth,Winsborrow,gwinsborrowfj@yandex.ru,Male,Human Resources,31.3106446,120.6256806
561,Libby,St. Quentin,lstquentinfk@sitemeter.com,Female,Services,13.7610951,101.1926507
562,Marcelo,Dowrey,mdowreyfl@canalblog.com,Male,Services,40.5047756,-8.529346
563,Marlowe,Bollini,mbollinifm@posterous.com,Male,Marketing,52.803304,51.1735574
564,Danice,Lankford,dlankfordfn@wordpress.com,Female,Marketing,36.5098375,37.3373042
565,Dewey,Smallsman,dsmallsmanfo@msu.edu,Male,Sales,-21.2525138,-48.3256762
566,Adrienne,English,aenglishfp@samsung.com,Female,Human Resources,59.2274821,15.0462455
567,Kathleen,Fowgies,kfowgiesfq@virginia.edu,Female,Marketing,21.6818943,102.1089679
568,Jesselyn,Chmarny,jchmarnyfr@ibm.com,Female,Sales,13.4932664,100.9637456
569,Alyosha,Dowbakin,adowbakinfs@omniture.com,Bigender,Human Resources,-37.052608,-69.880879
570,Marmaduke,Whelan,mwhelanft@washingtonpost.com,Male,Engineering,55.9840531,37.1619979
571,Aldin,Mickan,amickanfu@blogspot.com,Male,Services,39.761424,117.006093
572,Jimmy,Devennie,jdevenniefv@upenn.edu,Male,Legal,-2.631564,140.470795
573,Sal,Gimenez,sgimenezfw@intel.com,Male,Legal,27.932747,120.811213
574,Ranee,Segar,rsegarfx@yandex.ru,Female,Legal,33.45,-111.97
575,Troy,Ander,tanderfy@acquirethisname.com,Male,Support,14.5653343,121.0527067
576,Cynthia,Yedy,cyedyfz@washingtonpost.com,Female,Research and Development,41.3402313,-8.3633682
577,Klara,Greenside,kgreensideg0@ft.com,Female,Human Resources,8.017253,-72.0616304
578,Larry,Nixon,lnixong1@zdnet.com,Male,Product Management,13.8758656,-89.3582599
579,Dolley,De Francisci,ddefranciscig2@sphinn.com,Female,Services,6.6746161,-3.9725378
580,Forester,Gerbl,fgerblg3@wix.com,Male,Services,34.0542897,-4.4259259
581,Rubin,Keel,rkeelg4@drupal.org,Male,Human Resources,10.0620494,123.444424
582,Jerri,Pursey,jpurseyg5@sohu.com,Male,Legal,49.0813568,13.9584191
583,Anne-corinne,McKeller,amckellerg6@wix.com,Female,Research and Development,48.7720518,2.4921227
584,Slade,Livingstone,slivingstoneg7@ycombinator.com,Male,Support,52.4506032,19.6362734
585,Linette,De Nisco,ldeniscog8@dot.gov,Female,Support,59.4254685,56.6803807
586,Menard,Volk,mvolkg9@china.com.cn,Male,Training,30.0042226,120.8646582
587,Abramo,Stabbins,astabbinsga@nymag.com,Male,Support,43.617445,124.139465
588,Dara,Moffat,dmoffatgb@a8.net,Female,Marketing,50.5271016,15.4815563
589,Leland,Hegarty,lhegartygc@admin.ch,Female,Engineering,55.0155118,22.2004824
590,Emma,Matuszewski,ematuszewskigd@addthis.com,Female,Support,41.824796,123.44197
591,Caddric,Haylands,chaylandsge@imdb.com,Male,Marketing,48.9549197,17.3786013
592,Frieda,Gilks,fgilksgf@amazon.com,Female,Accounting,59.3257293,18.0160867
593,Jillana,Cranney,jcranneygg@google.co.uk,Female,Business Development,10.4145738,8.5721016
594,Darla,Aasaf,daasafgh@walmart.com,Female,Services,9.8195998,122.5506674
595,Nicolette,Bonnyson,nbonnysongi@goodreads.com,Genderqueer,Training,6.2820276,10.2852532
596,Colby,Nardoni,cnardonigj@reverbnation.com,Male,Marketing,14.565668,121.0317737
597,Delainey,Extall,dextallgk@g.co,Polygender,Human Resources,7.7762319,123.7330073
598,Geordie,Milhench,gmilhenchgl@stanford.edu,Genderqueer,Research and Development,37.1640654,128.9855649
599,Leodora,Devenport,ldevenportgm@yale.edu,Female,Marketing,43.03596,-82.1616
600,Daven,Aberdein,daberdeingn@hhs.gov,Male,Business Development,33.2445659,130.4529061
601,Griffin,Tuffley,gtuffleygo@github.io,Male,Legal,63.296708,18.679327
602,Corilla,Isaaksohn,cisaaksohngp@dailymotion.com,Female,Marketing,13.6954096,100.5127381
603,Dinah,Elam,delamgq@bloomberg.com,Female,Legal,38.569555,114.040348
604,Robert,Wills,rwillsgr@miitbeian.gov.cn,Male,Business Development,61.609528,90.129524
605,Ebonee,Cissell,ecissellgs@joomla.org,Female,Support,-7.4869186,108.4691492
606,Boyce,Haskayne,bhaskaynegt@amazon.co.jp,Male,Engineering,34.6330462,136.524372
607,Florenza,Clavey,fclaveygu@yale.edu,Female,Engineering,45.05752,-77.85702
608,Nick,Robelin,nrobelingv@state.gov,Male,Product Management,-3.879263,-38.612338
609,Brittany,Mazzia,bmazziagw@spiegel.de,Female,Research and Development,30.387552,120.174895
610,Daron,Orys,dorysgx@prnewswire.com,Male,Marketing,48.7359933,24.8560775
611,Nobie,Savoury,nsavourygy@cyberchimps.com,Male,Business Development,27.569517,110.001922
612,Goddart,Brigg,gbrigggz@homestead.com,Male,Services,14.5473421,120.997522
613,Marmaduke,Piddletown,mpiddletownh0@sciencedaily.com,Male,Engineering,46.562247,125.1353261
614,Lock,Taill,ltaillh1@alexa.com,Male,Product Management,10.3793903,106.4541903
615,Goober,Brugmann,gbrugmannh2@jugem.jp,Male,Human Resources,41.5318938,-8.6939907
616,Johannes,Huckel,jhuckelh3@ca.gov,Male,Legal,40.833907,19.5538336
617,Domingo,Kattenhorn,dkattenhornh4@gravatar.com,Polygender,Human Resources,36.566906,105.672987
618,Kettie,Dennick,kdennickh5@wix.com,Female,Legal,46.5884132,14.2652932
619,Tabbitha,Hendrich,thendrichh6@acquirethisname.com,Female,Human Resources,32.5639,120.396768
620,Krishna,Playle,kplayleh7@state.gov,Male,Services,4.8238623,96.195132
621,Caz,Tale,ctaleh8@geocities.com,Male,Training,-1.6258482,99.1788304
622,Gina,MacKilroe,gmackilroeh9@cafepress.com,Female,Marketing,41.4783577,-8.5364865
623,Davidde,Spooner,dspoonerha@ning.com,Male,Sales,50.2220773,24.8459624
624,Wadsworth,Tomaszkiewicz,wtomaszkiewiczhb@buzzfeed.com,Male,Human Resources,5.9840985,116.0761121
625,Nadean,Wakley,nwakleyhc@devhub.com,Female,Legal,40.2982408,70.419388
626,Hakeem,Bes,hbeshd@skype.com,Male,Training,48.8312275,16.0250895
627,Roz,Flawn,rflawnhe@usatoday.com,Female,Human Resources,69.0603424,33.4168559
628,Dalt,Trace,dtracehf@guardian.co.uk,Male,Marketing,49.9638636,22.0339385
629,Jessey,Kell,jkellhg@home.pl,Male,Services,24.4506879,67.5882847
630,Goran,Zannuto,gzannutohh@pbs.org,Male,Services,50.6162099,33.8468153
631,Morganica,Symonds,msymondshi@com.com,Female,Product Management,38.407753,114.015532
632,Terrel,Valek,tvalekhj@histats.com,Male,Services,34.5824996,-2.5098914
633,Terrill,Ormrod,tormrodhk@mashable.com,Agender,Sales,31.2357377,121.5054068
634,Marianne,Ferber,mferberhl@slate.com,Female,Research and Development,34.5601745,-5.3710551
635,Eugen,Liddell,eliddellhm@princeton.edu,Male,Services,59.3378401,18.0550026
636,Debor,Garoghan,dgaroghanhn@g.co,Female,Engineering,-17.4474874,-66.3438275
637,Akim,Klimaszewski,aklimaszewskiho@360.cn,Male,Marketing,48.5412136,22.5089067
638,Liana,Clery,lcleryhp@dion.ne.jp,Female,Training,57.7576914,12.0512149
639,Arther,Hellikes,ahellikeshq@seesaa.net,Male,Training,45.2881808,20.9411779
640,Irvine,Westrey,iwestreyhr@sitemeter.com,Male,Accounting,10.9321519,104.798771
641,Francyne,Skepper,fskepperhs@ed.gov,Female,Research and Development,41.6999293,12.4151335
642,Somerset,Weepers,sweepersht@livejournal.com,Male,Business Development,56.6566914,16.5063562
643,Constancia,Castleton,ccastletonhu@examiner.com,Female,Legal,10.6095479,122.955299
644,Batsheva,Presley,bpresleyhv@weather.com,Female,Sales,43.6753017,45.1243099
645,Mathian,Courtois,mcourtoishw@soup.io,Male,Services,51.7783026,4.693265
646,Gretchen,Lambourne,glambournehx@ucla.edu,Polygender,Engineering,35.416734,119.526925
647,Dav,Fitkin,dfitkinhy@zdnet.com,Male,Product Management,-25.6707073,-54.7412036
648,Maribel,Oldrey,moldreyhz@acquirethisname.com,Genderfluid,Sales,12.9881784,108.8848569
649,Debora,Moncur,dmoncuri0@cafepress.com,Female,Legal,36.3400071,137.8830829
650,Lemmy,Martinovsky,lmartinovskyi1@netlog.com,Male,Services,1.4604431,125.1859924
651,Sly,Petters,spettersi2@aol.com,Male,Research and Development,-12.8454679,-40.2271243
652,Sutton,Tolomelli,stolomellii3@senate.gov,Polygender,Sales,13.8093174,-87.2593454
653,Lyndy,Farron,lfarroni4@flickr.com,Female,Engineering,19.802837,110.685162
654,Elmo,Woodthorpe,ewoodthorpei5@wordpress.org,Male,Services,31.18248,35.69999
655,Marcile,Severwright,mseverwrighti6@jiathis.com,Female,Services,-8.2659112,112.0029243
656,Margaretta,Skynner,mskynneri7@pbs.org,Female,Training,-20.7430332,-46.6096926
657,Clevie,Heisler,cheisleri8@independent.co.uk,Male,Sales,14.5466721,100.0795741
658,Sonny,Rollitt,srollitti9@loc.gov,Female,Research and Development,-27.36667,26.63056
659,Selinda,Lorant,slorantia@unc.edu,Female,Services,49.9846292,20.293343
660,Kennie,Siene,ksieneib@gov.uk,Male,Training,9.258006,123.281809
661,Odelinda,Wey,oweyic@whitehouse.gov,Female,Training,-25.0305317,26.7540648
662,Rollie,Wither,rwitherid@facebook.com,Genderqueer,Services,59.4388399,5.3184101
663,Deidre,Idel,didelie@privacy.gov.au,Female,Human Resources,57.5260245,13.3426293
664,Allin,Calver,acalverif@rediff.com,Male,Engineering,56.504578,13.0422348
665,Morty,Sowthcote,msowthcoteig@walmart.com,Male,Training,53.4066765,82.6293575
666,Blondelle,Smallman,bsmallmanih@hubpages.com,Female,Services,40.456951,115.974848
667,Inglebert,Phelipeaux,iphelipeauxii@irs.gov,Male,Training,58.5944316,49.6634858
668,Oates,Mattinson,omattinsonij@studiopress.com,Male,Business Development,40.6898292,22.858794
669,Oren,Duffus,oduffusik@netlog.com,Male,Engineering,57.708244,27.8608831
670,Lettie,McGooch,lmcgoochil@comsenz.com,Female,Accounting,-6.8217678,111.4067217
671,Faber,Meatcher,fmeatcherim@unblog.fr,Male,Support,7.0115716,39.9761012
672,Justus,Enright,jenrightin@jimdo.com,Male,Sales,31.920658,120.284938
673,Brenn,Barroux,bbarrouxio@reuters.com,Female,Human Resources,22.24416,108.214158
674,Roberta,Hyndley,rhyndleyip@feedburner.com,Female,Support,-26.0440358,28.1574467
675,Una,Enrdigo,uenrdigoiq@boston.com,Female,Accounting,37.136977,140.4367415
676,Lydon,Kimmitt,lkimmittir@tumblr.com,Male,Research and Development,16.9633521,-89.9262925
677,Laural,Overal,loveralis@bluehost.com,Female,Human Resources,14.5697565,121.0247172
678,Harriot,Apfelmann,hapfelmannit@webeden.co.uk,Female,Marketing,54.4413138,21.0119817
679,Chariot,Casassa,ccasassaiu@topsy.com,Male,Engineering,27.756647,118.035309
680,Hank,Murton,hmurtoniv@mayoclinic.com,Male,Sales,6.176967,-75.341462
681,Morton,Ginman,mginmaniw@who.int,Male,Accounting,20.8,106.999722
682,Pooh,Mahoney,pmahoneyix@biblegateway.com,Male,Engineering,13.7172042,-89.7473837
683,Jefferson,Haggerston,jhaggerstoniy@home.pl,Male,Human Resources,24.479833,118.089425
684,Mariquilla,Bettington,mbettingtoniz@seattletimes.com,Female,Product Management,51.1605227,71.4703558
685,Ashla,Cheale,achealej0@dropbox.com,Female,Training,38.8757453,-7.1728338
686,Eduard,Taggert,etaggertj1@icq.com,Male,Product Management,34.14,-77.92
687,Pauli,Gook,pgookj2@youku.com,Female,Business Development,19.5403533,-71.0790048
688,Meyer,Vickar,mvickarj3@cornell.edu,Genderfluid,Legal,27.640075,113.733047
689,Joel,Bruckshaw,jbruckshawj4@lycos.com,Male,Legal,26.547864,106.7716045
690,Dane,Broun,dbrounj5@com.com,Male,Legal,41.0522859,20.0524105
691,Celestine,Waslin,cwaslinj6@reference.com,Female,Services,57.0228035,28.9142107
692,Montgomery,Goodlett,mgoodlettj7@phoca.cz,Male,Human Resources,32.147679,114.091192
693,Else,Collingham,ecollinghamj8@umich.edu,Female,Training,39.73287,98.494548
694,Smith,Smurfitt,ssmurfittj9@statcounter.com,Bigender,Accounting,38.7074953,-9.3556975
695,Gusta,Monkeman,gmonkemanja@sina.com.cn,Female,Sales,-7.9484331,-36.2064182
696,Zenia,Duffell,zduffelljb@dailymail.co.uk,Female,Support,46.817914,-0.626516
697,Michaeline,Matfield,mmatfieldjc@nba.com,Female,Engineering,7.8890971,-72.4966896
698,Euphemia,Cownden,ecowndenjd@istockphoto.com,Female,Accounting,4.6096768,101.1064003
699,Jaimie,Chessel,jchesselje@people.com.cn,Genderfluid,Human Resources,40.5630764,45.2368557
700,Lela,McKew,lmckewjf@miitbeian.gov.cn,Polygender,Sales,34.035771,113.852454
701,Anita,Stillwell,astillwelljg@cocolog-nifty.com,Female,Training,-12.8528438,-38.3271112
702,Timmie,Dincey,tdinceyjh@1und1.de,Female,Engineering,43.0318353,23.377264
703,Aurelea,Cahey,acaheyji@devhub.com,Genderfluid,Engineering,38.6134405,-9.0019336
704,Simonette,Lyffe,slyffejj@youtu.be,Female,Legal,7.9122744,98.3459726
705,Emelyne,Castleton,ecastletonjk@google.nl,Female,Marketing,37.4132997,23.125332
706,Arin,Sudran,asudranjl@hao123.com,Male,Engineering,28.189633,112.986397
707,Washington,Balle,wballejm@opera.com,Male,Accounting,22.691253,114.346251
708,Em,Mowsley,emowsleyjn@webs.com,Male,Training,11.1619,124.005
709,Say,Scipsey,sscipseyjo@myspace.com,Non-binary,Accounting,18.0435607,100.1031202
710,Winthrop,Ruskin,wruskinjp@wordpress.com,Male,Legal,41.6560291,-83.666758
711,Philomena,Gowthorpe,pgowthorpejq@ft.com,Female,Engineering,52.3329057,4.6073677
712,Sophey,Rhodef,srhodefjr@reference.com,Female,Product Management,38.8931743,-77.0251409
713,Grannie,Orsi,gorsijs@cisco.com,Male,Training,-6.8073,111.8104
714,Joann,Berryman,jberrymanjt@earthlink.net,Female,Product Management,45.4592577,75.2050312
715,Stavro,Callaway,scallawayju@weather.com,Male,Human Resources,14.5625862,121.0311185
716,Gilbert,Draude,gdraudejv@geocities.com,Male,Marketing,-6.377185,37.3747104
717,Tanny,Tatnell,ttatnelljw@weather.com,Male,Business Development,34.39951,69.16705
718,Colver,Soonhouse,csoonhousejx@ucsd.edu,Male,Human Resources,4.6096768,101.1064003
719,Arni,Desson,adessonjy@blogspot.com,Male,Marketing,44.904219,78.2166516
720,Marcia,Roja,mrojajz@wix.com,Female,Sales,-4.3499796,152.2714594
721,Hillel,Shelsher,hshelsherk0@goo.gl,Male,Services,28.821772,90.047034
722,Anjanette,Ragsdale,aragsdalek1@a8.net,Female,Research and Development,5.2287989,6.1911526
723,Juline,Sieghard,jsieghardk2@nhs.uk,Female,Marketing,30.372807,-91.1833043
724,Udall,Purvis,upurvisk3@yolasite.com,Male,Engineering,36.9549975,65.1254488
725,Garv,Vinton,gvintonk4@qq.com,Male,Research and Development,48.8048649,2.1203554
726,Genny,Eronie,geroniek5@360.cn,Female,Marketing,40.88472,20.09944
727,Vally,Knight,vknightk6@shinystat.com,Agender,Marketing,-24.0860329,-46.8640458
728,Antonina,Hatwell,ahatwellk7@jalbum.net,Female,Legal,11.1652432,-1.1400998
729,Gabriel,Mercy,gmercyk8@is.gd,Male,Human Resources,1.256633,-70.2359058
730,Seana,Gaymer,sgaymerk9@surveymonkey.com,Female,Sales,43.6953508,7.2559678
731,Filberto,Beauman,fbeaumanka@com.com,Male,Engineering,-6.8058522,111.9611919
732,Myrtie,Hilbourne,mhilbournekb@delicious.com,Female,Marketing,54.6001467,52.4387134
733,Allys,Fayerman,afayermankc@amazon.com,Female,Business Development,44.0086458,22.9355752
734,Freddy,Biddell,fbiddellkd@e-recht24.de,Male,Business Development,21.853708,106.761519
735,Andrej,Fairnie,afairnieke@berkeley.edu,Male,Accounting,39.00366,117.710496
736,Charin,Stolz,cstolzkf@shinystat.com,Female,Human Resources,50.689974,103.4524989
737,Patrice,Leddie,pleddiekg@fema.gov,Male,Sales,30.1942963,120.1148934
738,Scarface,Cordingly,scordinglykh@topsy.com,Male,Business Development,27.018126,114.370929
739,Jeffrey,Szymoni,jszymoniki@usatoday.com,Male,Research and Development,58.3776252,26.7290062
740,Gill,Brewitt,gbrewittkj@bloglovin.com,Female,Product Management,4.239304,-75.239679
741,Tandie,Kobisch,tkobischkk@google.co.jp,Female,Engineering,-15.6418418,-71.7674379
742,Orbadiah,Campana,ocampanakl@a8.net,Male,Engineering,47.9487196,0.1940537
743,Drugi,Buttrick,dbuttrickkm@amazon.co.uk,Male,Support,52.1012559,21.053265
744,Lea,Quinnelly,lquinnellykn@t.co,Female,Services,8.3487476,-80.5924449
745,Gibbie,Stranks,gstranksko@gizmodo.com,Bigender,Research and Development,45.6429121,29.3753657
746,Grete,Murrigans,gmurriganskp@free.fr,Female,Sales,-7.9822189,111.4782661
747,Morly,Greeding,mgreedingkq@sourceforge.net,Male,Product Management,-4.7407988,55.5081012
748,Renee,Hay,rhaykr@instagram.com,Female,Accounting,15.8107755,-87.4133145
749,Gregoire,Jaggar,gjaggarks@usatoday.com,Male,Marketing,16.360983,119.843271
750,Mose,Naseby,mnasebykt@taobao.com,Male,Human Resources,34.392963,104.063889
751,Pablo,Schoffler,pschofflerku@shutterfly.com,Male,Training,41.91142,112.97964
752,Gray,Barnicott,gbarnicottkv@blinklist.com,Male,Legal,-4.2670701,-55.9931173
753,Natal,Chinery,nchinerykw@yahoo.com,Male,Marketing,-24.988061,25.3430203
754,Nikolos,Clute,nclutekx@goodreads.com,Male,Human Resources,49.6877756,6.3485626
755,Tedman,Hugland,thuglandky@ucsd.edu,Male,Product Management,40.7408774,24.5772111
756,Fraser,Pretorius,fpretoriuskz@hao123.com,Male,Legal,59.3125021,18.0760798
757,Kristofor,Smiz,ksmizl0@vk.com,Male,Marketing,54.80342,18.37338
758,Jereme,Brammall,jbrammalll1@amazon.co.jp,Male,Training,33.9930471,-118.153228
759,Cam,Staden,cstadenl2@example.com,Female,Human Resources,20.0910963,-98.7623874
760,Rey,O'Mara,romaral3@etsy.com,Female,Product Management,-6.9258108,107.6222719
761,Moishe,Dumberell,mdumberelll4@barnesandnoble.com,Male,Support,13.9967823,-88.3803792
762,Allistir,Sanchiz,asanchizl5@icq.com,Male,Human Resources,-7.6377266,110.2722262
763,Maddalena,Hagley,mhagleyl6@va.gov,Female,Business Development,-25.5376671,-55.9901675
764,Harriot,Dandison,hdandisonl7@geocities.jp,Female,Product Management,53.7431909,18.6894607
765,Husein,Josilowski,hjosilowskil8@123-reg.co.uk,Male,Engineering,-12.4,-74.7
766,Anselm,Jaye,ajayel9@amazon.co.jp,Male,Services,-23.611227,-46.668872
767,Alan,Tamlett,atamlettla@digg.com,Male,Human Resources,2.100305,101.642899
768,Austin,Abele,aabelelb@addtoany.com,Male,Services,53.2515219,19.6135793
769,Godart,Shiers,gshierslc@skype.com,Male,Sales,-18.9105687,47.8081645
770,Christal,Stickens,cstickensld@mediafire.com,Female,Legal,-19.8730077,47.0291162
771,Chaddie,Beech,cbeechle@prweb.com,Male,Services,41.3643024,48.5260928
772,Ellsworth,Tennison,etennisonlf@ehow.com,Male,Business Development,-12.3202466,44.4730333
773,Luke,Camilletti,lcamillettilg@accuweather.com,Male,Legal,49.6017642,13.8657349
774,Milena,Peterkin,mpeterkinlh@wp.com,Female,Legal,-23.7082237,-46.415128
775,Ethel,Teape,eteapeli@archive.org,Female,Research and Development,47.5173564,42.1602043
776,Kit,Muskett,kmuskettlj@businessweek.com,Female,Legal,15.3972131,100.8677256
777,Kippie,Bruntjen,kbruntjenlk@g.co,Female,Support,5.8294025,-75.9928971
778,Hirsch,Greenly,hgreenlyll@blogger.com,Male,Human Resources,9.541232,125.820626
779,Zeke,Bunhill,zbunhilllm@fda.gov,Male,Product Management,13.9062958,124.3040904
780,Goldina,Benardet,gbenardetln@nih.gov,Female,Marketing,8.25205,-73.3532199
781,Wallie,Esposita,wespositalo@blogger.com,Female,Product Management,-23.1846822,30.0723009
782,Keen,Gerrans,kgerranslp@mapy.cz,Male,Legal,7.7442314,-7.6168439
783,Katerina,Escott,kescottlq@stumbleupon.com,Agender,Legal,57.7051896,11.9006932
784,Brandie,McMinn,bmcminnlr@reddit.com,Female,Marketing,37.520481,115.251124
785,Sidnee,Bebbell,sbebbellls@indiegogo.com,Male,Research and Development,9.915551,-84.031286
786,Janeta,Stratley,jstratleylt@army.mil,Female,Accounting,-8.2331212,115.0406679
787,Cam,Carnelley,ccarnelleylu@opensource.org,Female,Legal,24.56853,112.089781
788,Luther,Kaaskooper,lkaaskooperlv@123-reg.co.uk,Male,Legal,29.476705,121.869339
789,Delinda,Loy,dloylw@dot.gov,Female,Marketing,-19.0085724,30.9015642
790,Keely,Teligin,kteliginlx@geocities.com,Female,Training,52.1798263,85.9642685
791,Bambi,Boulsher,bboulsherly@ustream.tv,Female,Business Development,14.6473171,121.0006616
792,Ty,Goncalo,tgoncalolz@behance.net,Genderfluid,Marketing,26.6664174,-80.0894977
793,Homerus,Chalice,hchalicem0@360.cn,Genderqueer,Research and Development,-6.3030571,106.8912492
794,Stacy,Hexum,shexumm1@auda.org.au,Female,Product Management,-33.1228052,-58.2975552
795,Alene,Hastwell,ahastwellm2@clickbank.net,Female,Product Management,47.484145,6.923811
796,Miner,Rickardes,mrickardesm3@vk.com,Male,Business Development,6.3203695,7.4083958
797,Lenard,Kyllford,lkyllfordm4@qq.com,Male,Engineering,15.607875,39.4553839
798,Benedicta,Lemasney,blemasneym5@wunderground.com,Female,Human Resources,8.7463586,-74.8273184
799,Ozzy,Noar,onoarm6@auda.org.au,Male,Services,47.510162,19.0238539
800,Vyky,Andrassy,vandrassym7@pcworld.com,Female,Engineering,-6.8921607,110.6377502
801,Eddi,Bispham,ebisphamm8@ask.com,Female,Marketing,-25.7394696,28.3508883
802,Harlie,Whibley,hwhibleym9@ucoz.com,Female,Accounting,37.08828,79.855399
803,Pincas,Burdell,pburdellma@cafepress.com,Male,Training,-8.3465933,115.5207358
804,Carline,Cockitt,ccockittmb@hugedomains.com,Female,Legal,-7.1516288,108.8373244
805,Flossie,Kubczak,fkubczakmc@topsy.com,Female,Services,-6.2315975,106.8213934
806,Peyton,Elrick,pelrickmd@php.net,Male,Support,57.0408915,24.0131821
807,Hamel,Jaszczak,hjaszczakme@flavors.me,Male,Legal,1.0357171,118.0654445
808,Sammie,Goodridge,sgoodridgemf@jalbum.net,Male,Legal,66.3884435,23.639283
809,Borden,Crocker,bcrockermg@hostgator.com,Male,Accounting,56.5201848,34.9410177
810,Dell,Saint,dsaintmh@list-manage.com,Male,Sales,45.4292105,12.3679401
811,Martha,Blastock,mblastockmi@4shared.com,Female,Human Resources,-14.23792,-72.591949
812,Claudian,Sheward,cshewardmj@bing.com,Male,Research and Development,40.4222721,-7.921883
813,Annadiana,Craigg,acraiggmk@nydailynews.com,Female,Research and Development,51.1852442,19.1911952
814,Timotheus,Proffitt,tproffittml@sciencedaily.com,Male,Product Management,39.0427929,-9.193864
815,Minerva,Hector,mhectormm@bigcartel.com,Female,Training,14.5410506,100.6985155
816,Michele,Polkinhorn,mpolkinhornmn@nationalgeographic.com,Male,Legal,38.290338,-8.2274142
817,Allissa,Maulkin,amaulkinmo@comcast.net,Female,Legal,-7.3463033,108.2807559
818,Paddie,Donn,pdonnmp@berkeley.edu,Male,Business Development,20.4170831,104.04787
819,Haven,Kuschel,hkuschelmq@cloudflare.com,Male,Legal,52.3618688,21.2897784
820,Nicholas,Rouse,nrousemr@baidu.com,Male,Accounting,59.391109,17.8752481
821,Jenn,Andor,jandorms@globo.com,Female,Engineering,-24.5323166,32.9831998
822,Tymothy,Cheshire,tcheshiremt@jiathis.com,Male,Support,37.548299,120.282101
823,Sybilla,Holt,sholtmu@guardian.co.uk,Genderfluid,Legal,7.450268,8.6091961
824,Cobb,Verling,cverlingmv@homestead.com,Male,Marketing,39.244385,76.499773
825,Burtie,Honywill,bhonywillmw@alibaba.com,Male,Engineering,39.761892,116.420331
826,Kirby,Skahill,kskahillmx@berkeley.edu,Male,Sales,28.845441,121.131229
827,Nil,Creasey,ncreaseymy@wsj.com,Male,Sales,45.5436558,3.2448508
828,Bev,Farra,bfarramz@imdb.com,Agender,Marketing,15.38666,104.558766
829,Emmerich,Gethen,egethenn0@godaddy.com,Male,Training,24.052487,114.701871
830,Sibby,Ranner,srannern1@squarespace.com,Female,Research and Development,7.444229,123.33769
831,Shane,McDoual,smcdoualn2@seattletimes.com,Male,Research and Development,-8.3965,123.0856
832,Floria,Smails,fsmailsn3@imdb.com,Female,Engineering,42.76631,129.427066
833,Barth,Rishman,brishmann4@cloudflare.com,Non-binary,Engineering,39.9592176,44.600243
834,Henri,Brunsdon,hbrunsdonn5@weebly.com,Male,Legal,48.8313352,58.1488829
835,Odey,Sewall,osewalln6@home.pl,Male,Sales,66.14511,-65.71252
836,Peggi,Gravener,pgravenern7@webmd.com,Female,Services,32.364918,111.594957
837,Darrelle,Goulstone,dgoulstonen8@weather.com,Female,Support,43.525311,125.664662
838,Jed,Kinzel,jkinzeln9@sphinn.com,Male,Business Development,3.61023,115.69993
839,Ameline,Beauly,abeaulyna@trellian.com,Female,Sales,2.7798518,33.0057261
840,Ronnica,Cockton,rcocktonnb@zimbio.com,Female,Marketing,57.9642094,12.1438774
841,Gallard,Willgoose,gwillgoosenc@adobe.com,Polygender,Product Management,53.8819853,18.5517476
842,Patrice,Berford,pberfordnd@wikia.com,Female,Legal,48.83328,-72.53209
843,Yvon,Biddles,ybiddlesne@ycombinator.com,Male,Engineering,23.902479,106.618283
844,Jarvis,Colegrove,jcolegrovenf@github.io,Male,Human Resources,40.3829273,-8.7241528
845,Terence,Sleaford,tsleafordng@ask.com,Male,Product Management,53.0801709,46.6340372
846,Madelyn,Stilldale,mstilldalenh@thetimes.co.uk,Female,Research and Development,-14.05,-74.966667
847,Gladi,Rosa,grosani@opensource.org,Female,Accounting,24.9936281,121.3009798
848,Hilton,Cato,hcatonj@cdc.gov,Male,Research and Development,40.104663,114.150348
849,Jenna,Catteroll,jcatterollnk@paypal.com,Female,Services,40.417358,117.500558
850,Auberon,Freezor,afreezornl@yolasite.com,Male,Business Development,-21.4152377,-50.0773225
851,Conrad,Gaitone,cgaitonenm@istockphoto.com,Male,Marketing,-12.930823,-75.7803892
852,Neddy,McMurty,nmcmurtynn@edublogs.org,Male,Legal,-6.3965,105.9693
853,Gunar,Jenckes,gjenckesno@tinypic.com,Male,Services,66.322631,23.67353
854,Rurik,Rolston,rrolstonnp@etsy.com,Male,Legal,35.1379343,33.1323409
855,Bird,Webland,bweblandnq@si.edu,Polygender,Services,-8.15831,124.453464
856,Freeman,Reed,freednr@ucsd.edu,Male,Engineering,32.513883,118.677372
857,Dagny,Allen,dallenns@bbb.org,Male,Support,42.8862964,74.6722459
858,Lorenza,Cheyenne,lcheyennent@springer.com,Female,Marketing,8.1620514,-12.4351923
859,Bennett,Billyeald,bbillyealdnu@ucoz.ru,Male,Human Resources,18.6861986,98.9193549
860,Gert,Noor,gnoornv@virginia.edu,Female,Product Management,1.205329,124.7826
861,Broderick,Kaes,bkaesnw@unc.edu,Male,Sales,23.213961,115.203506
862,Andromache,Jentges,ajentgesnx@miibeian.gov.cn,Female,Services,54.939834,20.1270433
863,Jannel,Henrichs,jhenrichsny@plala.or.jp,Non-binary,Product Management,-12.5905158,13.416501
864,Zachery,Esposita,zespositanz@shinystat.com,Male,Accounting,-6.9236,113.2611
865,Fonzie,Dunphie,fdunphieo0@sbwire.com,Male,Business Development,48.3276506,40.2709899
866,Esta,Abbitt,eabbitto1@unc.edu,Female,Business Development,25.257168,116.421093
867,Margaux,Wythe,mwytheo2@discuz.net,Female,Product Management,7.8394835,126.0502748
868,Humbert,Gorini,hgorinio3@multiply.com,Male,Research and Development,32.4237461,-104.2655282
869,Rianon,Cranshaw,rcranshawo4@pen.io,Female,Product Management,61.1331274,74.8362662
870,Garek,Caberas,gcaberaso5@google.de,Male,Human Resources,43.7563619,16.6204644
871,Odell,Marzellano,omarzellanoo6@hexun.com,Male,Engineering,10.5289556,-73.7242486
872,Selina,Sloper,sslopero7@ehow.com,Female,Sales,40.4140806,-8.738467
873,Craggy,Carss,ccarsso8@state.gov,Male,Accounting,55.6354144,13.0577113
874,Justis,Aronov,jaronovo9@opensource.org,Male,Support,38.1087967,21.7838411
875,Brant,Stalman,bstalmanoa@bravesites.com,Male,Business Development,23.2410273,-106.3949498
876,Langsdon,Dewes,ldewesob@wikispaces.com,Male,Services,45.521519,3.5276642
877,Pail,Connikie,pconnikieoc@ehow.com,Male,Business Development,-14.5124962,-40.3496894
878,Cami,Titcumb,ctitcumbod@blogtalkradio.com,Female,Sales,31.221517,121.544379
879,Lucie,McCree,lmccreeoe@diigo.com,Female,Support,-7.6594377,108.6086561
880,Jolie,Mourbey,jmourbeyof@wisc.edu,Female,Research and Development,-10.5676,121.9306
881,Lurette,Shepcutt,lshepcuttog@wikipedia.org,Female,Sales,-12.2695779,44.4789279
882,Priscilla,Frankema,pfrankemaoh@google.co.jp,Non-binary,Accounting,17.183558,120.463672
883,Duffy,Eannetta,deannettaoi@pen.io,Male,Legal,-3.8375079,119.8149736
884,Evan,Leitch,eleitchoj@reference.com,Male,Training,40.9166667,19.8833333
885,Emylee,Kemble,ekembleok@dropbox.com,Female,Product Management,-3.4590744,119.8815203
886,Kaylil,Sparshott,ksparshottol@sciencedirect.com,Female,Services,52.9718428,63.1128326
887,Vinni,Fipp,vfippom@cdc.gov,Female,Product Management,10.2583233,123.8363399
888,Deirdre,Wind,dwindon@unblog.fr,Female,Accounting,55.29639,21.37583
889,Temp,Hunton,thuntonoo@symantec.com,Male,Product Management,56.5789712,85.1026739
890,Franz,Cobden,fcobdenop@is.gd,Male,Sales,23.14855,113.249429
891,Andonis,Kavanagh,akavanaghoq@ox.ac.uk,Male,Human Resources,-6.2829488,107.0833701
892,Fey,Puddephatt,fpuddephattor@amazon.de,Female,Sales,17.67967,120.35883
893,Breanne,Carcass,bcarcassos@amazonaws.com,Female,Support,15.2510231,105.2316427
894,Shell,Korneluk,skornelukot@sina.com.cn,Male,Legal,28.0896014,108.7986202
895,Gisela,MacDonogh,gmacdonoghou@purevolume.com,Female,Human Resources,47.6022755,6.2194418
896,Sylvester,Colleymore,scolleymoreov@icq.com,Male,Training,-6.7708458,-37.7973839
897,Kerby,Headford,kheadfordow@tumblr.com,Male,Training,31.4292388,31.1252135
898,Zelma,Bett,zbettox@eepurl.com,Female,Marketing,46.5333073,39.0405159
899,Darb,Straker,dstrakeroy@mozilla.com,Male,Legal,47.4376347,-70.5082419
900,Charin,Aizik,caizikoz@walmart.com,Female,Services,-3.2930615,114.2747123
901,Naoma,Roder,nroderp0@bloglovin.com,Female,Product Management,14.33481,105.86858
902,Marne,McParland,mmcparlandp1@umn.edu,Genderfluid,Engineering,14.5458392,121.0044883
903,Nonnah,De Minico,ndeminicop2@51.la,Female,Sales,29.603667,119.048169
904,Carmelia,Rossey,crosseyp3@cisco.com,Female,Legal,33.3527276,-7.5788975
905,Rudolfo,Thaxter,rthaxterp4@weebly.com,Male,Sales,58.8946515,17.5331351
906,Farley,Coppin,fcoppinp5@oaic.gov.au,Male,Engineering,53.8031587,64.1828536
907,Hamilton,Andrzejczak,handrzejczakp6@slideshare.net,Male,Accounting,11.3451287,-72.3628361
908,Bengt,Ainscow,bainscowp7@bloomberg.com,Male,Services,44.634519,41.9328118
909,Shermie,Bonevant,sbonevantp8@free.fr,Male,Product Management,11.423197,43.0024829
910,Maggee,Nugent,mnugentp9@bloglovin.com,Female,Accounting,53.2780047,-6.1072403
911,Lynnett,Taborre,ltaborrepa@hugedomains.com,Female,Training,13.8283312,121.1542759
912,Travis,Sonley,tsonleypb@cornell.edu,Male,Services,24.64995,116.156645
913,Laverna,Wilfling,lwilflingpc@howstuffworks.com,Female,Engineering,-10.8416198,39.6285874
914,Kirsten,Hrishchenko,khrishchenkopd@mlb.com,Female,Human Resources,-8.5361861,115.1444487
915,Carmela,Bustard,cbustardpe@tripod.com,Female,Engineering,13.5218669,120.9617948
916,Jessika,Nashe,jnashepf@livejournal.com,Non-binary,Research and Development,-27.4955748,-48.6553685
917,Lovell,Van den Hof,lvandenhofpg@tiny.cc,Male,Product Management,9.7220855,6.1112878
918,Herold,Polding,hpoldingph@nytimes.com,Male,Accounting,56.178249,37.902732
919,Giraldo,Mangam,gmangampi@boston.com,Male,Engineering,38.8884333,45.0304001
920,Vin,Cordobes,vcordobespj@sogou.com,Male,Product Management,14.903607,120.551341
921,Elvera,Rouzet,erouzetpk@jalbum.net,Female,Research and Development,41.5660291,-8.6268918
922,Gayler,Fouldes,gfouldespl@e-recht24.de,Male,Accounting,12.8074809,122.0553349
923,Humbert,Jeffs,hjeffspm@cdc.gov,Male,Training,29.344616,102.652483
924,Truda,Cogin,tcoginpn@addtoany.com,Female,Human Resources,15.1369653,-87.1273253
925,Euell,Cyples,ecyplespo@ebay.co.uk,Male,Research and Development,39.871981,116.686439
926,Torrance,Michelotti,tmichelottipp@aol.com,Male,Research and Development,16.8211238,100.2658516
927,Ransom,Fish,rfishpq@aol.com,Male,Sales,52.6424878,20.9312946
928,Maxwell,Alabaster,malabasterpr@ox.ac.uk,Male,Support,41.53083,21.41556
929,Halley,Bramstom,hbramstomps@oakley.com,Female,Sales,48.526727,40.316753
930,Schuyler,Hardman,shardmanpt@hubpages.com,Male,Training,-8.5413769,115.1682089
931,Devonna,Kornyshev,dkornyshevpu@pinterest.com,Female,Product Management,55.780902,37.618106
932,Kristan,Dunstall,kdunstallpv@apple.com,Female,Marketing,30.0007026,117.9914358
933,Jolie,Duckerin,jduckerinpw@miibeian.gov.cn,Female,Services,22.4583,113.034187
934,Baryram,Knell,bknellpx@webs.com,Polygender,Support,42.059759,86.574067
935,Leone,Kilfeder,lkilfederpy@qq.com,Female,Services,-9.2993916,14.9096846
936,Chelsie,Schneidau,cschneidaupz@sciencedirect.com,Female,Human Resources,53.068264,16.136353
937,Nicol,Markushkin,nmarkushkinq0@nationalgeographic.com,Female,Sales,38.3089089,-7.7085755
938,Jecho,Glavin,jglavinq1@dyndns.org,Male,Legal,50.7022235,3.1685214
939,Claybourne,Pettigree,cpettigreeq2@aol.com,Male,Engineering,15.9872056,103.1279039
940,Aryn,Beran,aberanq3@icq.com,Female,Accounting,13.2063104,-16.3037052
941,Sauncho,Harrington,sharringtonq4@comcast.net,Male,Accounting,29.584292,111.380014
942,Xylia,Tonepohl,xtonepohlq5@cornell.edu,Female,Marketing,41.0174461,-7.7750036
943,Kinna,Pele,kpeleq6@cafepress.com,Female,Support,48.1206294,17.1168892
944,Hardy,Serraillier,hserraillierq7@gov.uk,Male,Research and Development,19.2030655,-99.5478784
945,Tarra,Hensmans,thensmansq8@columbia.edu,Bigender,Research and Development,14.0767924,121.3439494
946,Jaynell,Larwell,jlarwellq9@dropbox.com,Female,Business Development,31.689906,114.503413
947,Aldric,Passion,apassionqa@homestead.com,Male,Support,9.0691769,-62.0458106
948,Brant,Kenworthey,bkenwortheyqb@infoseek.co.jp,Male,Support,33.7403041,130.9463113
949,Baryram,Di Giacomettino,bdigiacomettinoqc@uiuc.edu,Male,Human Resources,10.2621857,-71.3646236
950,Rafferty,Pettitt,rpettittqd@multiply.com,Male,Research and Development,35.0346917,137.0871404
951,Gran,Claessens,gclaessensqe@digg.com,Male,Marketing,52.130314,20.6599934
952,Lock,Goscomb,lgoscombqf@va.gov,Male,Engineering,-20.8250212,-40.9384914
953,Aleta,Playhill,aplayhillqg@hatena.ne.jp,Female,Business Development,-6.1671806,106.8340622
954,Fernande,Boorman,fboormanqh@who.int,Female,Engineering,-31.4311903,-62.0729285
955,Noell,Cornelleau,ncornelleauqi@vistaprint.com,Female,Legal,-34.5872079,-58.494505
956,Kaycee,McMenemy,kmcmenemyqj@bbb.org,Female,Research and Development,12.352935,121.0737938
957,Anne-marie,Willans,awillansqk@omniture.com,Female,Human Resources,25.6577006,57.7856677
958,Sheila,Kermeen,skermeenql@phoca.cz,Bigender,Sales,49.0096906,2.5479245
959,Cathyleen,Farebrother,cfarebrotherqm@issuu.com,Female,Accounting,-7.541449,111.8956112
960,Gwyn,Clarae,gclaraeqn@bloglines.com,Non-binary,Legal,18.8962696,-96.9417785
961,Parry,Thor,pthorqo@goo.ne.jp,Male,Product Management,36.1180248,137.9533657
962,Rochella,Boraston,rborastonqp@apache.org,Female,Sales,60.1996809,24.8958285
963,Edna,Kinkaid,ekinkaidqq@hud.gov,Female,Accounting,27.7076143,41.9196471
964,Cordy,Reeveley,creeveleyqr@pinterest.com,Male,Human Resources,-6.9707,111.3203
965,Shelba,Roseman,srosemanqs@umich.edu,Female,Accounting,49.1931313,-0.3907558
966,Maye,Clowton,mclowtonqt@comsenz.com,Female,Accounting,23.69589,113.645048
967,Cissy,Rait,craitqu@hc360.com,Female,Services,50.795058,124.291125
968,Clareta,Barracks,cbarracksqv@gov.uk,Female,Support,32.7311729,-97.4508426
969,Frankie,Rosten,frostenqw@whitehouse.gov,Non-binary,Engineering,57.7316019,12.0703707
970,Theo,Bendare,tbendareqx@gravatar.com,Male,Training,43.82551,81.872025
971,Manon,Acton,mactonqy@posterous.com,Female,Support,-25.416667,25.55
972,Drusie,Hutchins,dhutchinsqz@homestead.com,Female,Support,2.9329721,101.6259842
973,Veronica,Rugg,vruggr0@cafepress.com,Female,Legal,37.955893,23.7020975
974,Angeline,Duval,aduvalr1@utexas.edu,Female,Marketing,46.639171,32.5037186
975,Fons,Cherrett,fcherrettr2@weebly.com,Male,Training,22.801624,113.525165
976,Kassi,Nash,knashr3@163.com,Female,Training,-0.7885335,100.6549823
977,Rachael,Bosence,rbosencer4@csmonitor.com,Female,Sales,30.8254669,30.8139165
978,Gaby,Yurov,gyurovr5@irs.gov,Male,Legal,10.4312095,-68.8928558
979,Lynn,Umbers,lumbersr6@nature.com,Male,Product Management,41.56055,61.0018
980,Grissel,Patrick,gpatrickr7@npr.org,Female,Support,-25.2641605,-50.6378804
981,Hershel,Kedward,hkedwardr8@digg.com,Male,Legal,52.9563074,31.9693094
982,Fanchette,De Carlo,fdecarlor9@hhs.gov,Female,Sales,51.27304,16.3653
983,Hanson,Spurge,hspurgera@yandex.ru,Male,Business Development,49.23062,-100.05586
984,Cecil,Lukianovich,clukianovichrb@free.fr,Male,Services,28.663694,118.534841
985,Leupold,Cocozza,lcocozzarc@odnoklassniki.ru,Male,Services,47.66389,36.25633
986,Burtie,Petrus,bpetrusrd@merriam-webster.com,Male,Training,44.2642895,5.940651
987,Sheffie,Cannicott,scannicottre@cbslocal.com,Male,Training,42.4947806,-90.7164246
988,Dione,Hackworthy,dhackworthyrf@oaic.gov.au,Female,Sales,25.99296,115.667678
989,Dale,Fearnehough,dfearnehoughrg@discovery.com,Non-binary,Accounting,53.8595684,21.3130974
990,Orazio,Naul,onaulrh@technorati.com,Male,Legal,26.2650742,50.6223267
991,Hilliary,Eouzan,heouzanri@reuters.com,Female,Sales,33.9278354,-6.9051819
992,Tilly,Okker,tokkerrj@ow.ly,Female,Engineering,42.4385891,-8.5995773
993,Yasmin,Stummeyer,ystummeyerrk@last.fm,Female,Product Management,47.9039934,106.8227864
994,Chris,Adlem,cadlemrl@bluehost.com,Male,Engineering,43.1619639,45.1982495
995,Monica,Pallin,mpallinrm@mtv.com,Female,Services,13.8093174,-87.2593454
996,Jazmin,Trazzi,jtrazzirn@wikipedia.org,Female,Accounting,17.7434868,121.7376392
997,Norbert,Dryden,ndrydenro@thetimes.co.uk,Male,Marketing,8.070619,22.3948737
998,Dorie,Crauford,dcraufordrp@bizjournals.com,Male,Support,54.3667173,92.1024101
999,Moreen,Lucken,mluckenrq@usnews.com,Female,Human Resources,44.1618902,18.3268323
1000,Jerad,Julien,jjulienrr@unesco.org,Male,Research and Development,61.7016711,23.2638837
